language1,language2,common_actors
JavaScript,JavaScript,35525
JavaScript,Python,1497
JavaScript,Java,1086
JavaScript,HTML,2766
JavaScript,Ruby,948
JavaScript,PHP,910
JavaScript,C++,330
JavaScript,Go,424
JavaScript,CSS,1582
JavaScript,C#,353
JavaScript,TypeScript,877
JavaScript,C,236
JavaScript,Shell,613
JavaScript,Scala,112
JavaScript,Swift,111
JavaScript,PowerShell,43
JavaScript,Rust,67
JavaScript,Objective-C,206
JavaScript,Jupyter Notebook,74
JavaScript,DM,3
JavaScript,R,39
JavaScript,Lua,41
JavaScript,Kotlin,33
JavaScript,Perl,40
JavaScript,Vue,149
JavaScript,Groovy,63
JavaScript,Makefile,69
JavaScript,Elixir,74
JavaScript,Julia,3
JavaScript,CoffeeScript,167
JavaScript,Haskell,23
JavaScript,TeX,32
JavaScript,Clojure,33
JavaScript,HCL,28
JavaScript,Nix,5
JavaScript,OCaml,24
JavaScript,XSLT,24
JavaScript,Vim script,35
JavaScript,Matlab,4
JavaScript,CMake,17
JavaScript,Smarty,16
JavaScript,Dart,12
JavaScript,Puppet,18
JavaScript,Erlang,14
JavaScript,Fortran,3
JavaScript,PLpgSQL,33
JavaScript,Emacs Lisp,17
JavaScript,Visual Basic,5
JavaScript,Arduino,5
JavaScript,F#,8
Python,JavaScript,1497
Python,Python,20618
Python,Java,526
Python,HTML,980
Python,Ruby,354
Python,PHP,246
Python,C++,613
Python,Go,365
Python,CSS,402
Python,C#,124
Python,TypeScript,121
Python,C,446
Python,Shell,879
Python,Scala,65
Python,Swift,40
Python,PowerShell,18
Python,Rust,64
Python,Objective-C,38
Python,Jupyter Notebook,332
Python,DM,5
Python,R,42
Python,Lua,32
Python,Kotlin,16
Python,Perl,63
Python,Vue,14
Python,Groovy,63
Python,Makefile,109
Python,Elixir,27
Python,Julia,14
Python,CoffeeScript,32
Python,Haskell,21
Python,TeX,70
Python,Clojure,19
Python,HCL,39
Python,Nix,13
Python,OCaml,9
Python,XSLT,27
Python,Vim script,20
Python,Matlab,24
Python,CMake,61
Python,Smarty,22
Python,Dart,7
Python,Puppet,27
Python,Erlang,14
Python,Fortran,15
Python,PLpgSQL,23
Python,Emacs Lisp,15
Python,Visual Basic,2
Python,Arduino,12
Python,F#,2
Java,JavaScript,1086
Java,Python,526
Java,Java,18509
Java,HTML,598
Java,Ruby,200
Java,PHP,176
Java,C++,209
Java,Go,161
Java,CSS,305
Java,C#,159
Java,TypeScript,191
Java,C,178
Java,Shell,414
Java,Scala,111
Java,Swift,82
Java,PowerShell,5
Java,Rust,18
Java,Objective-C,146
Java,Jupyter Notebook,28
Java,DM,1
Java,R,15
Java,Lua,9
Java,Kotlin,125
Java,Perl,28
Java,Vue,9
Java,Groovy,107
Java,Makefile,59
Java,Elixir,9
Java,Julia,0
Java,CoffeeScript,13
Java,Haskell,6
Java,TeX,25
Java,Clojure,24
Java,HCL,12
Java,Nix,0
Java,OCaml,3
Java,XSLT,47
Java,Vim script,3
Java,Matlab,10
Java,CMake,5
Java,Smarty,10
Java,Dart,8
Java,Puppet,5
Java,Erlang,7
Java,Fortran,2
Java,PLpgSQL,11
Java,Emacs Lisp,4
Java,Visual Basic,4
Java,Arduino,6
Java,F#,0
HTML,JavaScript,2766
HTML,Python,980
HTML,Java,598
HTML,HTML,16300
HTML,Ruby,587
HTML,PHP,501
HTML,C++,206
HTML,Go,217
HTML,CSS,1262
HTML,C#,155
HTML,TypeScript,274
HTML,C,157
HTML,Shell,388
HTML,Scala,71
HTML,Swift,37
HTML,PowerShell,7
HTML,Rust,50
HTML,Objective-C,48
HTML,Jupyter Notebook,84
HTML,DM,1
HTML,R,88
HTML,Lua,16
HTML,Kotlin,16
HTML,Perl,26
HTML,Vue,29
HTML,Groovy,24
HTML,Makefile,49
HTML,Elixir,28
HTML,Julia,8
HTML,CoffeeScript,37
HTML,Haskell,18
HTML,TeX,37
HTML,Clojure,9
HTML,HCL,23
HTML,Nix,0
HTML,OCaml,9
HTML,XSLT,30
HTML,Vim script,9
HTML,Matlab,9
HTML,CMake,16
HTML,Smarty,12
HTML,Dart,8
HTML,Puppet,29
HTML,Erlang,4
HTML,Fortran,5
HTML,PLpgSQL,9
HTML,Emacs Lisp,6
HTML,Visual Basic,4
HTML,Arduino,6
HTML,F#,4
Ruby,JavaScript,948
Ruby,Python,354
Ruby,Java,200
Ruby,HTML,587
Ruby,Ruby,9098
Ruby,PHP,143
Ruby,C++,69
Ruby,Go,167
Ruby,CSS,322
Ruby,C#,43
Ruby,TypeScript,70
Ruby,C,92
Ruby,Shell,331
Ruby,Scala,26
Ruby,Swift,54
Ruby,PowerShell,12
Ruby,Rust,24
Ruby,Objective-C,60
Ruby,Jupyter Notebook,10
Ruby,DM,0
Ruby,R,11
Ruby,Lua,11
Ruby,Kotlin,5
Ruby,Perl,21
Ruby,Vue,8
Ruby,Groovy,24
Ruby,Makefile,46
Ruby,Elixir,46
Ruby,Julia,0
Ruby,CoffeeScript,41
Ruby,Haskell,6
Ruby,TeX,6
Ruby,Clojure,24
Ruby,HCL,38
Ruby,Nix,1
Ruby,OCaml,5
Ruby,XSLT,18
Ruby,Vim script,25
Ruby,Matlab,2
Ruby,CMake,6
Ruby,Smarty,3
Ruby,Dart,3
Ruby,Puppet,81
Ruby,Erlang,7
Ruby,Fortran,1
Ruby,PLpgSQL,5
Ruby,Emacs Lisp,12
Ruby,Visual Basic,1
Ruby,Arduino,1
Ruby,F#,3
PHP,JavaScript,910
PHP,Python,246
PHP,Java,176
PHP,HTML,501
PHP,Ruby,143
PHP,PHP,10248
PHP,C++,67
PHP,Go,72
PHP,CSS,377
PHP,C#,77
PHP,TypeScript,70
PHP,C,64
PHP,Shell,196
PHP,Scala,7
PHP,Swift,18
PHP,PowerShell,8
PHP,Rust,9
PHP,Objective-C,14
PHP,Jupyter Notebook,3
PHP,DM,0
PHP,R,4
PHP,Lua,6
PHP,Kotlin,4
PHP,Perl,23
PHP,Vue,24
PHP,Groovy,3
PHP,Makefile,28
PHP,Elixir,8
PHP,Julia,0
PHP,CoffeeScript,17
PHP,Haskell,3
PHP,TeX,4
PHP,Clojure,2
PHP,HCL,2
PHP,Nix,0
PHP,OCaml,0
PHP,XSLT,18
PHP,Vim script,5
PHP,Matlab,0
PHP,CMake,3
PHP,Smarty,11
PHP,Dart,2
PHP,Puppet,5
PHP,Erlang,4
PHP,Fortran,1
PHP,PLpgSQL,3
PHP,Emacs Lisp,6
PHP,Visual Basic,4
PHP,Arduino,1
PHP,F#,0
C++,JavaScript,330
C++,Python,613
C++,Java,209
C++,HTML,206
C++,Ruby,69
C++,PHP,67
C++,C++,8443
C++,Go,88
C++,CSS,101
C++,C#,94
C++,TypeScript,38
C++,C,516
C++,Shell,233
C++,Scala,16
C++,Swift,29
C++,PowerShell,10
C++,Rust,30
C++,Objective-C,27
C++,Jupyter Notebook,49
C++,DM,1
C++,R,28
C++,Lua,35
C++,Kotlin,8
C++,Perl,21
C++,Vue,6
C++,Groovy,7
C++,Makefile,93
C++,Elixir,1
C++,Julia,7
C++,CoffeeScript,9
C++,Haskell,4
C++,TeX,45
C++,Clojure,8
C++,HCL,1
C++,Nix,6
C++,OCaml,4
C++,XSLT,15
C++,Vim script,4
C++,Matlab,8
C++,CMake,90
C++,Smarty,1
C++,Dart,15
C++,Puppet,3
C++,Erlang,7
C++,Fortran,9
C++,PLpgSQL,8
C++,Emacs Lisp,7
C++,Visual Basic,4
C++,Arduino,16
C++,F#,1
Go,JavaScript,424
Go,Python,365
Go,Java,161
Go,HTML,217
Go,Ruby,167
Go,PHP,72
Go,C++,88
Go,Go,5070
Go,CSS,111
Go,C#,31
Go,TypeScript,44
Go,C,119
Go,Shell,367
Go,Scala,21
Go,Swift,15
Go,PowerShell,7
Go,Rust,44
Go,Objective-C,19
Go,Jupyter Notebook,7
Go,DM,0
Go,R,0
Go,Lua,10
Go,Kotlin,7
Go,Perl,20
Go,Vue,7
Go,Groovy,36
Go,Makefile,59
Go,Elixir,12
Go,Julia,0
Go,CoffeeScript,12
Go,Haskell,10
Go,TeX,12
Go,Clojure,6
Go,HCL,38
Go,Nix,2
Go,OCaml,2
Go,XSLT,5
Go,Vim script,21
Go,Matlab,0
Go,CMake,1
Go,Smarty,27
Go,Dart,3
Go,Puppet,6
Go,Erlang,3
Go,Fortran,0
Go,PLpgSQL,1
Go,Emacs Lisp,5
Go,Visual Basic,0
Go,Arduino,0
Go,F#,0
CSS,JavaScript,1582
CSS,Python,402
CSS,Java,305
CSS,HTML,1262
CSS,Ruby,322
CSS,PHP,377
CSS,C++,101
CSS,Go,111
CSS,CSS,7932
CSS,C#,90
CSS,TypeScript,202
CSS,C,68
CSS,Shell,232
CSS,Scala,36
CSS,Swift,13
CSS,PowerShell,7
CSS,Rust,29
CSS,Objective-C,23
CSS,Jupyter Notebook,23
CSS,DM,1
CSS,R,21
CSS,Lua,11
CSS,Kotlin,9
CSS,Perl,13
CSS,Vue,31
CSS,Groovy,18
CSS,Makefile,45
CSS,Elixir,17
CSS,Julia,1
CSS,CoffeeScript,36
CSS,Haskell,10
CSS,TeX,27
CSS,Clojure,9
CSS,HCL,19
CSS,Nix,1
CSS,OCaml,2
CSS,XSLT,10
CSS,Vim script,5
CSS,Matlab,4
CSS,CMake,6
CSS,Smarty,3
CSS,Dart,9
CSS,Puppet,23
CSS,Erlang,5
CSS,Fortran,4
CSS,PLpgSQL,7
CSS,Emacs Lisp,5
CSS,Visual Basic,3
CSS,Arduino,5
CSS,F#,1
C#,JavaScript,353
C#,Python,124
C#,Java,159
C#,HTML,155
C#,Ruby,43
C#,PHP,77
C#,C++,94
C#,Go,31
C#,CSS,90
C#,C#,6594
C#,TypeScript,130
C#,C,54
C#,Shell,52
C#,Scala,9
C#,Swift,14
C#,PowerShell,72
C#,Rust,12
C#,Objective-C,18
C#,Jupyter Notebook,3
C#,DM,3
C#,R,6
C#,Lua,8
C#,Kotlin,2
C#,Perl,4
C#,Vue,6
C#,Groovy,8
C#,Makefile,5
C#,Elixir,6
C#,Julia,0
C#,CoffeeScript,4
C#,Haskell,1
C#,TeX,4
C#,Clojure,1
C#,HCL,0
C#,Nix,0
C#,OCaml,3
C#,XSLT,2
C#,Vim script,1
C#,Matlab,0
C#,CMake,1
C#,Smarty,2
C#,Dart,0
C#,Puppet,0
C#,Erlang,2
C#,Fortran,2
C#,PLpgSQL,1
C#,Emacs Lisp,2
C#,Visual Basic,6
C#,Arduino,1
C#,F#,16
TypeScript,JavaScript,877
TypeScript,Python,121
TypeScript,Java,191
TypeScript,HTML,274
TypeScript,Ruby,70
TypeScript,PHP,70
TypeScript,C++,38
TypeScript,Go,44
TypeScript,CSS,202
TypeScript,C#,130
TypeScript,TypeScript,4528
TypeScript,C,25
TypeScript,Shell,59
TypeScript,Scala,19
TypeScript,Swift,17
TypeScript,PowerShell,13
TypeScript,Rust,13
TypeScript,Objective-C,22
TypeScript,Jupyter Notebook,9
TypeScript,DM,0
TypeScript,R,2
TypeScript,Lua,1
TypeScript,Kotlin,7
TypeScript,Perl,2
TypeScript,Vue,21
TypeScript,Groovy,11
TypeScript,Makefile,8
TypeScript,Elixir,9
TypeScript,Julia,2
TypeScript,CoffeeScript,23
TypeScript,Haskell,6
TypeScript,TeX,4
TypeScript,Clojure,4
TypeScript,HCL,2
TypeScript,Nix,0
TypeScript,OCaml,1
TypeScript,XSLT,5
TypeScript,Vim script,8
TypeScript,Matlab,1
TypeScript,CMake,0
TypeScript,Smarty,4
TypeScript,Dart,3
TypeScript,Puppet,0
TypeScript,Erlang,1
TypeScript,Fortran,0
TypeScript,PLpgSQL,3
TypeScript,Emacs Lisp,1
TypeScript,Visual Basic,0
TypeScript,Arduino,1
TypeScript,F#,2
C,JavaScript,236
C,Python,446
C,Java,178
C,HTML,157
C,Ruby,92
C,PHP,64
C,C++,516
C,Go,119
C,CSS,68
C,C#,54
C,TypeScript,25
C,C,5582
C,Shell,255
C,Scala,15
C,Swift,19
C,PowerShell,9
C,Rust,40
C,Objective-C,33
C,Jupyter Notebook,23
C,DM,0
C,R,9
C,Lua,22
C,Kotlin,7
C,Perl,35
C,Vue,4
C,Groovy,8
C,Makefile,108
C,Elixir,4
C,Julia,5
C,CoffeeScript,11
C,Haskell,14
C,TeX,24
C,Clojure,1
C,HCL,2
C,Nix,3
C,OCaml,8
C,XSLT,3
C,Vim script,12
C,Matlab,4
C,CMake,19
C,Smarty,1
C,Dart,4
C,Puppet,2
C,Erlang,8
C,Fortran,13
C,PLpgSQL,5
C,Emacs Lisp,3
C,Visual Basic,2
C,Arduino,6
C,F#,1
Shell,JavaScript,613
Shell,Python,879
Shell,Java,414
Shell,HTML,388
Shell,Ruby,331
Shell,PHP,196
Shell,C++,233
Shell,Go,367
Shell,CSS,232
Shell,C#,52
Shell,TypeScript,59
Shell,C,255
Shell,Shell,5795
Shell,Scala,57
Shell,Swift,36
Shell,PowerShell,18
Shell,Rust,41
Shell,Objective-C,18
Shell,Jupyter Notebook,50
Shell,DM,0
Shell,R,18
Shell,Lua,21
Shell,Kotlin,12
Shell,Perl,48
Shell,Vue,6
Shell,Groovy,90
Shell,Makefile,104
Shell,Elixir,17
Shell,Julia,5
Shell,CoffeeScript,25
Shell,Haskell,16
Shell,TeX,22
Shell,Clojure,18
Shell,HCL,68
Shell,Nix,0
Shell,OCaml,12
Shell,XSLT,24
Shell,Vim script,33
Shell,Matlab,4
Shell,CMake,26
Shell,Smarty,30
Shell,Dart,2
Shell,Puppet,29
Shell,Erlang,13
Shell,Fortran,9
Shell,PLpgSQL,6
Shell,Emacs Lisp,15
Shell,Visual Basic,3
Shell,Arduino,2
Shell,F#,2
Scala,JavaScript,112
Scala,Python,65
Scala,Java,111
Scala,HTML,71
Scala,Ruby,26
Scala,PHP,7
Scala,C++,16
Scala,Go,21
Scala,CSS,36
Scala,C#,9
Scala,TypeScript,19
Scala,C,15
Scala,Shell,57
Scala,Scala,1633
Scala,Swift,4
Scala,PowerShell,0
Scala,Rust,14
Scala,Objective-C,3
Scala,Jupyter Notebook,11
Scala,DM,0
Scala,R,2
Scala,Lua,3
Scala,Kotlin,3
Scala,Perl,1
Scala,Vue,2
Scala,Groovy,20
Scala,Makefile,2
Scala,Elixir,1
Scala,Julia,1
Scala,CoffeeScript,2
Scala,Haskell,3
Scala,TeX,6
Scala,Clojure,6
Scala,HCL,2
Scala,Nix,0
Scala,OCaml,0
Scala,XSLT,10
Scala,Vim script,1
Scala,Matlab,0
Scala,CMake,0
Scala,Smarty,5
Scala,Dart,1
Scala,Puppet,3
Scala,Erlang,1
Scala,Fortran,1
Scala,PLpgSQL,3
Scala,Emacs Lisp,1
Scala,Visual Basic,0
Scala,Arduino,0
Scala,F#,2
Swift,JavaScript,111
Swift,Python,40
Swift,Java,82
Swift,HTML,37
Swift,Ruby,54
Swift,PHP,18
Swift,C++,29
Swift,Go,15
Swift,CSS,13
Swift,C#,14
Swift,TypeScript,17
Swift,C,19
Swift,Shell,36
Swift,Scala,4
Swift,Swift,2231
Swift,PowerShell,1
Swift,Rust,5
Swift,Objective-C,131
Swift,Jupyter Notebook,3
Swift,DM,0
Swift,R,1
Swift,Lua,0
Swift,Kotlin,11
Swift,Perl,0
Swift,Vue,1
Swift,Groovy,1
Swift,Makefile,3
Swift,Elixir,5
Swift,Julia,0
Swift,CoffeeScript,1
Swift,Haskell,0
Swift,TeX,0
Swift,Clojure,1
Swift,HCL,0
Swift,Nix,0
Swift,OCaml,2
Swift,XSLT,2
Swift,Vim script,1
Swift,Matlab,1
Swift,CMake,0
Swift,Smarty,0
Swift,Dart,3
Swift,Puppet,1
Swift,Erlang,3
Swift,Fortran,0
Swift,PLpgSQL,0
Swift,Emacs Lisp,1
Swift,Visual Basic,0
Swift,Arduino,1
Swift,F#,0
PowerShell,JavaScript,43
PowerShell,Python,18
PowerShell,Java,5
PowerShell,HTML,7
PowerShell,Ruby,12
PowerShell,PHP,8
PowerShell,C++,10
PowerShell,Go,7
PowerShell,CSS,7
PowerShell,C#,72
PowerShell,TypeScript,13
PowerShell,C,9
PowerShell,Shell,18
PowerShell,Scala,0
PowerShell,Swift,1
PowerShell,PowerShell,720
PowerShell,Rust,1
PowerShell,Objective-C,1
PowerShell,Jupyter Notebook,0
PowerShell,DM,0
PowerShell,R,0
PowerShell,Lua,0
PowerShell,Kotlin,0
PowerShell,Perl,1
PowerShell,Vue,0
PowerShell,Groovy,2
PowerShell,Makefile,0
PowerShell,Elixir,0
PowerShell,Julia,0
PowerShell,CoffeeScript,1
PowerShell,Haskell,1
PowerShell,TeX,0
PowerShell,Clojure,1
PowerShell,HCL,0
PowerShell,Nix,0
PowerShell,OCaml,0
PowerShell,XSLT,0
PowerShell,Vim script,1
PowerShell,Matlab,0
PowerShell,CMake,1
PowerShell,Smarty,0
PowerShell,Dart,1
PowerShell,Puppet,2
PowerShell,Erlang,0
PowerShell,Fortran,0
PowerShell,PLpgSQL,1
PowerShell,Emacs Lisp,1
PowerShell,Visual Basic,2
PowerShell,Arduino,0
PowerShell,F#,2
Rust,JavaScript,67
Rust,Python,64
Rust,Java,18
Rust,HTML,50
Rust,Ruby,24
Rust,PHP,9
Rust,C++,30
Rust,Go,44
Rust,CSS,29
Rust,C#,12
Rust,TypeScript,13
Rust,C,40
Rust,Shell,41
Rust,Scala,14
Rust,Swift,5
Rust,PowerShell,1
Rust,Rust,923
Rust,Objective-C,4
Rust,Jupyter Notebook,2
Rust,DM,1
Rust,R,0
Rust,Lua,4
Rust,Kotlin,3
Rust,Perl,2
Rust,Vue,1
Rust,Groovy,5
Rust,Makefile,7
Rust,Elixir,6
Rust,Julia,0
Rust,CoffeeScript,5
Rust,Haskell,8
Rust,TeX,8
Rust,Clojure,4
Rust,HCL,0
Rust,Nix,3
Rust,OCaml,2
Rust,XSLT,3
Rust,Vim script,2
Rust,Matlab,0
Rust,CMake,2
Rust,Smarty,2
Rust,Dart,1
Rust,Puppet,0
Rust,Erlang,2
Rust,Fortran,0
Rust,PLpgSQL,1
Rust,Emacs Lisp,0
Rust,Visual Basic,0
Rust,Arduino,0
Rust,F#,0
Objective-C,JavaScript,206
Objective-C,Python,38
Objective-C,Java,146
Objective-C,HTML,48
Objective-C,Ruby,60
Objective-C,PHP,14
Objective-C,C++,27
Objective-C,Go,19
Objective-C,CSS,23
Objective-C,C#,18
Objective-C,TypeScript,22
Objective-C,C,33
Objective-C,Shell,18
Objective-C,Scala,3
Objective-C,Swift,131
Objective-C,PowerShell,1
Objective-C,Rust,4
Objective-C,Objective-C,1487
Objective-C,Jupyter Notebook,1
Objective-C,DM,0
Objective-C,R,0
Objective-C,Lua,4
Objective-C,Kotlin,2
Objective-C,Perl,2
Objective-C,Vue,3
Objective-C,Groovy,2
Objective-C,Makefile,3
Objective-C,Elixir,4
Objective-C,Julia,0
Objective-C,CoffeeScript,6
Objective-C,Haskell,0
Objective-C,TeX,0
Objective-C,Clojure,2
Objective-C,HCL,0
Objective-C,Nix,0
Objective-C,OCaml,1
Objective-C,XSLT,2
Objective-C,Vim script,1
Objective-C,Matlab,2
Objective-C,CMake,0
Objective-C,Smarty,1
Objective-C,Dart,2
Objective-C,Puppet,0
Objective-C,Erlang,4
Objective-C,Fortran,0
Objective-C,PLpgSQL,0
Objective-C,Emacs Lisp,1
Objective-C,Visual Basic,0
Objective-C,Arduino,1
Objective-C,F#,0
Jupyter Notebook,JavaScript,74
Jupyter Notebook,Python,332
Jupyter Notebook,Java,28
Jupyter Notebook,HTML,84
Jupyter Notebook,Ruby,10
Jupyter Notebook,PHP,3
Jupyter Notebook,C++,49
Jupyter Notebook,Go,7
Jupyter Notebook,CSS,23
Jupyter Notebook,C#,3
Jupyter Notebook,TypeScript,9
Jupyter Notebook,C,23
Jupyter Notebook,Shell,50
Jupyter Notebook,Scala,11
Jupyter Notebook,Swift,3
Jupyter Notebook,PowerShell,0
Jupyter Notebook,Rust,2
Jupyter Notebook,Objective-C,1
Jupyter Notebook,Jupyter Notebook,1523
Jupyter Notebook,DM,0
Jupyter Notebook,R,15
Jupyter Notebook,Lua,3
Jupyter Notebook,Kotlin,0
Jupyter Notebook,Perl,2
Jupyter Notebook,Vue,0
Jupyter Notebook,Groovy,3
Jupyter Notebook,Makefile,5
Jupyter Notebook,Elixir,1
Jupyter Notebook,Julia,13
Jupyter Notebook,CoffeeScript,2
Jupyter Notebook,Haskell,0
Jupyter Notebook,TeX,13
Jupyter Notebook,Clojure,0
Jupyter Notebook,HCL,0
Jupyter Notebook,Nix,0
Jupyter Notebook,OCaml,4
Jupyter Notebook,XSLT,2
Jupyter Notebook,Vim script,2
Jupyter Notebook,Matlab,5
Jupyter Notebook,CMake,7
Jupyter Notebook,Smarty,0
Jupyter Notebook,Dart,0
Jupyter Notebook,Puppet,1
Jupyter Notebook,Erlang,0
Jupyter Notebook,Fortran,8
Jupyter Notebook,PLpgSQL,4
Jupyter Notebook,Emacs Lisp,0
Jupyter Notebook,Visual Basic,0
Jupyter Notebook,Arduino,0
Jupyter Notebook,F#,0
DM,JavaScript,3
DM,Python,5
DM,Java,1
DM,HTML,1
DM,Ruby,0
DM,PHP,0
DM,C++,1
DM,Go,0
DM,CSS,1
DM,C#,3
DM,TypeScript,0
DM,C,0
DM,Shell,0
DM,Scala,0
DM,Swift,0
DM,PowerShell,0
DM,Rust,1
DM,Objective-C,0
DM,Jupyter Notebook,0
DM,DM,239
DM,R,0
DM,Lua,0
DM,Kotlin,0
DM,Perl,0
DM,Vue,0
DM,Groovy,0
DM,Makefile,0
DM,Elixir,0
DM,Julia,0
DM,CoffeeScript,0
DM,Haskell,0
DM,TeX,0
DM,Clojure,0
DM,HCL,0
DM,Nix,0
DM,OCaml,0
DM,XSLT,0
DM,Vim script,0
DM,Matlab,0
DM,CMake,0
DM,Smarty,0
DM,Dart,0
DM,Puppet,0
DM,Erlang,0
DM,Fortran,0
DM,PLpgSQL,0
DM,Emacs Lisp,0
DM,Visual Basic,0
DM,Arduino,0
DM,F#,0
R,JavaScript,39
R,Python,42
R,Java,15
R,HTML,88
R,Ruby,11
R,PHP,4
R,C++,28
R,Go,0
R,CSS,21
R,C#,6
R,TypeScript,2
R,C,9
R,Shell,18
R,Scala,2
R,Swift,1
R,PowerShell,0
R,Rust,0
R,Objective-C,0
R,Jupyter Notebook,15
R,DM,0
R,R,960
R,Lua,1
R,Kotlin,0
R,Perl,2
R,Vue,0
R,Groovy,4
R,Makefile,2
R,Elixir,0
R,Julia,2
R,CoffeeScript,1
R,Haskell,1
R,TeX,15
R,Clojure,0
R,HCL,2
R,Nix,0
R,OCaml,0
R,XSLT,1
R,Vim script,0
R,Matlab,0
R,CMake,1
R,Smarty,2
R,Dart,0
R,Puppet,0
R,Erlang,0
R,Fortran,0
R,PLpgSQL,0
R,Emacs Lisp,3
R,Visual Basic,0
R,Arduino,0
R,F#,0
Lua,JavaScript,41
Lua,Python,32
Lua,Java,9
Lua,HTML,16
Lua,Ruby,11
Lua,PHP,6
Lua,C++,35
Lua,Go,10
Lua,CSS,11
Lua,C#,8
Lua,TypeScript,1
Lua,C,22
Lua,Shell,21
Lua,Scala,3
Lua,Swift,0
Lua,PowerShell,0
Lua,Rust,4
Lua,Objective-C,4
Lua,Jupyter Notebook,3
Lua,DM,0
Lua,R,1
Lua,Lua,728
Lua,Kotlin,0
Lua,Perl,3
Lua,Vue,0
Lua,Groovy,1
Lua,Makefile,7
Lua,Elixir,2
Lua,Julia,0
Lua,CoffeeScript,0
Lua,Haskell,1
Lua,TeX,3
Lua,Clojure,1
Lua,HCL,1
Lua,Nix,0
Lua,OCaml,2
Lua,XSLT,0
Lua,Vim script,1
Lua,Matlab,0
Lua,CMake,0
Lua,Smarty,0
Lua,Dart,0
Lua,Puppet,2
Lua,Erlang,0
Lua,Fortran,1
Lua,PLpgSQL,0
Lua,Emacs Lisp,0
Lua,Visual Basic,0
Lua,Arduino,1
Lua,F#,0
Kotlin,JavaScript,33
Kotlin,Python,16
Kotlin,Java,125
Kotlin,HTML,16
Kotlin,Ruby,5
Kotlin,PHP,4
Kotlin,C++,8
Kotlin,Go,7
Kotlin,CSS,9
Kotlin,C#,2
Kotlin,TypeScript,7
Kotlin,C,7
Kotlin,Shell,12
Kotlin,Scala,3
Kotlin,Swift,11
Kotlin,PowerShell,0
Kotlin,Rust,3
Kotlin,Objective-C,2
Kotlin,Jupyter Notebook,0
Kotlin,DM,0
Kotlin,R,0
Kotlin,Lua,0
Kotlin,Kotlin,635
Kotlin,Perl,0
Kotlin,Vue,1
Kotlin,Groovy,3
Kotlin,Makefile,0
Kotlin,Elixir,2
Kotlin,Julia,0
Kotlin,CoffeeScript,2
Kotlin,Haskell,0
Kotlin,TeX,2
Kotlin,Clojure,0
Kotlin,HCL,0
Kotlin,Nix,0
Kotlin,OCaml,0
Kotlin,XSLT,1
Kotlin,Vim script,0
Kotlin,Matlab,0
Kotlin,CMake,0
Kotlin,Smarty,0
Kotlin,Dart,1
Kotlin,Puppet,0
Kotlin,Erlang,1
Kotlin,Fortran,0
Kotlin,PLpgSQL,2
Kotlin,Emacs Lisp,0
Kotlin,Visual Basic,0
Kotlin,Arduino,0
Kotlin,F#,0
Perl,JavaScript,40
Perl,Python,63
Perl,Java,28
Perl,HTML,26
Perl,Ruby,21
Perl,PHP,23
Perl,C++,21
Perl,Go,20
Perl,CSS,13
Perl,C#,4
Perl,TypeScript,2
Perl,C,35
Perl,Shell,48
Perl,Scala,1
Perl,Swift,0
Perl,PowerShell,1
Perl,Rust,2
Perl,Objective-C,2
Perl,Jupyter Notebook,2
Perl,DM,0
Perl,R,2
Perl,Lua,3
Perl,Kotlin,0
Perl,Perl,719
Perl,Vue,1
Perl,Groovy,1
Perl,Makefile,10
Perl,Elixir,0
Perl,Julia,0
Perl,CoffeeScript,1
Perl,Haskell,3
Perl,TeX,5
Perl,Clojure,1
Perl,HCL,2
Perl,Nix,1
Perl,OCaml,0
Perl,XSLT,0
Perl,Vim script,2
Perl,Matlab,0
Perl,CMake,0
Perl,Smarty,2
Perl,Dart,1
Perl,Puppet,1
Perl,Erlang,0
Perl,Fortran,1
Perl,PLpgSQL,1
Perl,Emacs Lisp,1
Perl,Visual Basic,1
Perl,Arduino,0
Perl,F#,0
Vue,JavaScript,149
Vue,Python,14
Vue,Java,9
Vue,HTML,29
Vue,Ruby,8
Vue,PHP,24
Vue,C++,6
Vue,Go,7
Vue,CSS,31
Vue,C#,6
Vue,TypeScript,21
Vue,C,4
Vue,Shell,6
Vue,Scala,2
Vue,Swift,1
Vue,PowerShell,0
Vue,Rust,1
Vue,Objective-C,3
Vue,Jupyter Notebook,0
Vue,DM,0
Vue,R,0
Vue,Lua,0
Vue,Kotlin,1
Vue,Perl,1
Vue,Vue,512
Vue,Groovy,0
Vue,Makefile,0
Vue,Elixir,0
Vue,Julia,0
Vue,CoffeeScript,3
Vue,Haskell,0
Vue,TeX,0
Vue,Clojure,0
Vue,HCL,0
Vue,Nix,0
Vue,OCaml,0
Vue,XSLT,0
Vue,Vim script,0
Vue,Matlab,0
Vue,CMake,0
Vue,Smarty,1
Vue,Dart,1
Vue,Puppet,0
Vue,Erlang,0
Vue,Fortran,0
Vue,PLpgSQL,0
Vue,Emacs Lisp,0
Vue,Visual Basic,0
Vue,Arduino,0
Vue,F#,0
Groovy,JavaScript,63
Groovy,Python,63
Groovy,Java,107
Groovy,HTML,24
Groovy,Ruby,24
Groovy,PHP,3
Groovy,C++,7
Groovy,Go,36
Groovy,CSS,18
Groovy,C#,8
Groovy,TypeScript,11
Groovy,C,8
Groovy,Shell,90
Groovy,Scala,20
Groovy,Swift,1
Groovy,PowerShell,2
Groovy,Rust,5
Groovy,Objective-C,2
Groovy,Jupyter Notebook,3
Groovy,DM,0
Groovy,R,4
Groovy,Lua,1
Groovy,Kotlin,3
Groovy,Perl,1
Groovy,Vue,0
Groovy,Groovy,539
Groovy,Makefile,9
Groovy,Elixir,2
Groovy,Julia,0
Groovy,CoffeeScript,1
Groovy,Haskell,0
Groovy,TeX,4
Groovy,Clojure,1
Groovy,HCL,6
Groovy,Nix,0
Groovy,OCaml,0
Groovy,XSLT,3
Groovy,Vim script,0
Groovy,Matlab,0
Groovy,CMake,1
Groovy,Smarty,5
Groovy,Dart,0
Groovy,Puppet,5
Groovy,Erlang,0
Groovy,Fortran,0
Groovy,PLpgSQL,1
Groovy,Emacs Lisp,0
Groovy,Visual Basic,0
Groovy,Arduino,0
Groovy,F#,0
Makefile,JavaScript,69
Makefile,Python,109
Makefile,Java,59
Makefile,HTML,49
Makefile,Ruby,46
Makefile,PHP,28
Makefile,C++,93
Makefile,Go,59
Makefile,CSS,45
Makefile,C#,5
Makefile,TypeScript,8
Makefile,C,108
Makefile,Shell,104
Makefile,Scala,2
Makefile,Swift,3
Makefile,PowerShell,0
Makefile,Rust,7
Makefile,Objective-C,3
Makefile,Jupyter Notebook,5
Makefile,DM,0
Makefile,R,2
Makefile,Lua,7
Makefile,Kotlin,0
Makefile,Perl,10
Makefile,Vue,0
Makefile,Groovy,9
Makefile,Makefile,785
Makefile,Elixir,1
Makefile,Julia,1
Makefile,CoffeeScript,1
Makefile,Haskell,2
Makefile,TeX,7
Makefile,Clojure,2
Makefile,HCL,5
Makefile,Nix,1
Makefile,OCaml,1
Makefile,XSLT,7
Makefile,Vim script,3
Makefile,Matlab,0
Makefile,CMake,4
Makefile,Smarty,3
Makefile,Dart,0
Makefile,Puppet,0
Makefile,Erlang,2
Makefile,Fortran,0
Makefile,PLpgSQL,2
Makefile,Emacs Lisp,1
Makefile,Visual Basic,0
Makefile,Arduino,0
Makefile,F#,0
Elixir,JavaScript,74
Elixir,Python,27
Elixir,Java,9
Elixir,HTML,28
Elixir,Ruby,46
Elixir,PHP,8
Elixir,C++,1
Elixir,Go,12
Elixir,CSS,17
Elixir,C#,6
Elixir,TypeScript,9
Elixir,C,4
Elixir,Shell,17
Elixir,Scala,1
Elixir,Swift,5
Elixir,PowerShell,0
Elixir,Rust,6
Elixir,Objective-C,4
Elixir,Jupyter Notebook,1
Elixir,DM,0
Elixir,R,0
Elixir,Lua,2
Elixir,Kotlin,2
Elixir,Perl,0
Elixir,Vue,0
Elixir,Groovy,2
Elixir,Makefile,1
Elixir,Elixir,604
Elixir,Julia,0
Elixir,CoffeeScript,8
Elixir,Haskell,2
Elixir,TeX,0
Elixir,Clojure,1
Elixir,HCL,0
Elixir,Nix,0
Elixir,OCaml,1
Elixir,XSLT,0
Elixir,Vim script,5
Elixir,Matlab,0
Elixir,CMake,0
Elixir,Smarty,0
Elixir,Dart,0
Elixir,Puppet,1
Elixir,Erlang,10
Elixir,Fortran,0
Elixir,PLpgSQL,0
Elixir,Emacs Lisp,2
Elixir,Visual Basic,0
Elixir,Arduino,0
Elixir,F#,0
Julia,JavaScript,3
Julia,Python,14
Julia,Java,0
Julia,HTML,8
Julia,Ruby,0
Julia,PHP,0
Julia,C++,7
Julia,Go,0
Julia,CSS,1
Julia,C#,0
Julia,TypeScript,2
Julia,C,5
Julia,Shell,5
Julia,Scala,1
Julia,Swift,0
Julia,PowerShell,0
Julia,Rust,0
Julia,Objective-C,0
Julia,Jupyter Notebook,13
Julia,DM,0
Julia,R,2
Julia,Lua,0
Julia,Kotlin,0
Julia,Perl,0
Julia,Vue,0
Julia,Groovy,0
Julia,Makefile,1
Julia,Elixir,0
Julia,Julia,259
Julia,CoffeeScript,1
Julia,Haskell,0
Julia,TeX,0
Julia,Clojure,0
Julia,HCL,0
Julia,Nix,0
Julia,OCaml,1
Julia,XSLT,0
Julia,Vim script,0
Julia,Matlab,1
Julia,CMake,2
Julia,Smarty,0
Julia,Dart,0
Julia,Puppet,0
Julia,Erlang,0
Julia,Fortran,1
Julia,PLpgSQL,0
Julia,Emacs Lisp,1
Julia,Visual Basic,0
Julia,Arduino,0
Julia,F#,0
CoffeeScript,JavaScript,167
CoffeeScript,Python,32
CoffeeScript,Java,13
CoffeeScript,HTML,37
CoffeeScript,Ruby,41
CoffeeScript,PHP,17
CoffeeScript,C++,9
CoffeeScript,Go,12
CoffeeScript,CSS,36
CoffeeScript,C#,4
CoffeeScript,TypeScript,23
CoffeeScript,C,11
CoffeeScript,Shell,25
CoffeeScript,Scala,2
CoffeeScript,Swift,1
CoffeeScript,PowerShell,1
CoffeeScript,Rust,5
CoffeeScript,Objective-C,6
CoffeeScript,Jupyter Notebook,2
CoffeeScript,DM,0
CoffeeScript,R,1
CoffeeScript,Lua,0
CoffeeScript,Kotlin,2
CoffeeScript,Perl,1
CoffeeScript,Vue,3
CoffeeScript,Groovy,1
CoffeeScript,Makefile,1
CoffeeScript,Elixir,8
CoffeeScript,Julia,1
CoffeeScript,CoffeeScript,519
CoffeeScript,Haskell,3
CoffeeScript,TeX,1
CoffeeScript,Clojure,2
CoffeeScript,HCL,1
CoffeeScript,Nix,0
CoffeeScript,OCaml,0
CoffeeScript,XSLT,0
CoffeeScript,Vim script,3
CoffeeScript,Matlab,0
CoffeeScript,CMake,0
CoffeeScript,Smarty,0
CoffeeScript,Dart,2
CoffeeScript,Puppet,0
CoffeeScript,Erlang,0
CoffeeScript,Fortran,0
CoffeeScript,PLpgSQL,1
CoffeeScript,Emacs Lisp,0
CoffeeScript,Visual Basic,0
CoffeeScript,Arduino,0
CoffeeScript,F#,0
Haskell,JavaScript,23
Haskell,Python,21
Haskell,Java,6
Haskell,HTML,18
Haskell,Ruby,6
Haskell,PHP,3
Haskell,C++,4
Haskell,Go,10
Haskell,CSS,10
Haskell,C#,1
Haskell,TypeScript,6
Haskell,C,14
Haskell,Shell,16
Haskell,Scala,3
Haskell,Swift,0
Haskell,PowerShell,1
Haskell,Rust,8
Haskell,Objective-C,0
Haskell,Jupyter Notebook,0
Haskell,DM,0
Haskell,R,1
Haskell,Lua,1
Haskell,Kotlin,0
Haskell,Perl,3
Haskell,Vue,0
Haskell,Groovy,0
Haskell,Makefile,2
Haskell,Elixir,2
Haskell,Julia,0
Haskell,CoffeeScript,3
Haskell,Haskell,525
Haskell,TeX,6
Haskell,Clojure,0
Haskell,HCL,1
Haskell,Nix,13
Haskell,OCaml,1
Haskell,XSLT,0
Haskell,Vim script,3
Haskell,Matlab,0
Haskell,CMake,0
Haskell,Smarty,0
Haskell,Dart,0
Haskell,Puppet,0
Haskell,Erlang,0
Haskell,Fortran,0
Haskell,PLpgSQL,0
Haskell,Emacs Lisp,7
Haskell,Visual Basic,0
Haskell,Arduino,0
Haskell,F#,1
TeX,JavaScript,32
TeX,Python,70
TeX,Java,25
TeX,HTML,37
TeX,Ruby,6
TeX,PHP,4
TeX,C++,45
TeX,Go,12
TeX,CSS,27
TeX,C#,4
TeX,TypeScript,4
TeX,C,24
TeX,Shell,22
TeX,Scala,6
TeX,Swift,0
TeX,PowerShell,0
TeX,Rust,8
TeX,Objective-C,0
TeX,Jupyter Notebook,13
TeX,DM,0
TeX,R,15
TeX,Lua,3
TeX,Kotlin,2
TeX,Perl,5
TeX,Vue,0
TeX,Groovy,4
TeX,Makefile,7
TeX,Elixir,0
TeX,Julia,0
TeX,CoffeeScript,1
TeX,Haskell,6
TeX,TeX,648
TeX,Clojure,1
TeX,HCL,0
TeX,Nix,1
TeX,OCaml,4
TeX,XSLT,3
TeX,Vim script,3
TeX,Matlab,4
TeX,CMake,2
TeX,Smarty,0
TeX,Dart,1
TeX,Puppet,0
TeX,Erlang,0
TeX,Fortran,3
TeX,PLpgSQL,0
TeX,Emacs Lisp,1
TeX,Visual Basic,0
TeX,Arduino,1
TeX,F#,0
Clojure,JavaScript,33
Clojure,Python,19
Clojure,Java,24
Clojure,HTML,9
Clojure,Ruby,24
Clojure,PHP,2
Clojure,C++,8
Clojure,Go,6
Clojure,CSS,9
Clojure,C#,1
Clojure,TypeScript,4
Clojure,C,1
Clojure,Shell,18
Clojure,Scala,6
Clojure,Swift,1
Clojure,PowerShell,1
Clojure,Rust,4
Clojure,Objective-C,2
Clojure,Jupyter Notebook,0
Clojure,DM,0
Clojure,R,0
Clojure,Lua,1
Clojure,Kotlin,0
Clojure,Perl,1
Clojure,Vue,0
Clojure,Groovy,1
Clojure,Makefile,2
Clojure,Elixir,1
Clojure,Julia,0
Clojure,CoffeeScript,2
Clojure,Haskell,0
Clojure,TeX,1
Clojure,Clojure,448
Clojure,HCL,1
Clojure,Nix,0
Clojure,OCaml,0
Clojure,XSLT,0
Clojure,Vim script,1
Clojure,Matlab,0
Clojure,CMake,1
Clojure,Smarty,0
Clojure,Dart,0
Clojure,Puppet,1
Clojure,Erlang,3
Clojure,Fortran,0
Clojure,PLpgSQL,0
Clojure,Emacs Lisp,8
Clojure,Visual Basic,0
Clojure,Arduino,0
Clojure,F#,0
HCL,JavaScript,28
HCL,Python,39
HCL,Java,12
HCL,HTML,23
HCL,Ruby,38
HCL,PHP,2
HCL,C++,1
HCL,Go,38
HCL,CSS,19
HCL,C#,0
HCL,TypeScript,2
HCL,C,2
HCL,Shell,68
HCL,Scala,2
HCL,Swift,0
HCL,PowerShell,0
HCL,Rust,0
HCL,Objective-C,0
HCL,Jupyter Notebook,0
HCL,DM,0
HCL,R,2
HCL,Lua,1
HCL,Kotlin,0
HCL,Perl,2
HCL,Vue,0
HCL,Groovy,6
HCL,Makefile,5
HCL,Elixir,0
HCL,Julia,0
HCL,CoffeeScript,1
HCL,Haskell,1
HCL,TeX,0
HCL,Clojure,1
HCL,HCL,303
HCL,Nix,0
HCL,OCaml,0
HCL,XSLT,0
HCL,Vim script,0
HCL,Matlab,0
HCL,CMake,0
HCL,Smarty,3
HCL,Dart,0
HCL,Puppet,12
HCL,Erlang,0
HCL,Fortran,0
HCL,PLpgSQL,0
HCL,Emacs Lisp,0
HCL,Visual Basic,0
HCL,Arduino,0
HCL,F#,0
Nix,JavaScript,5
Nix,Python,13
Nix,Java,0
Nix,HTML,0
Nix,Ruby,1
Nix,PHP,0
Nix,C++,6
Nix,Go,2
Nix,CSS,1
Nix,C#,0
Nix,TypeScript,0
Nix,C,3
Nix,Shell,0
Nix,Scala,0
Nix,Swift,0
Nix,PowerShell,0
Nix,Rust,3
Nix,Objective-C,0
Nix,Jupyter Notebook,0
Nix,DM,0
Nix,R,0
Nix,Lua,0
Nix,Kotlin,0
Nix,Perl,1
Nix,Vue,0
Nix,Groovy,0
Nix,Makefile,1
Nix,Elixir,0
Nix,Julia,0
Nix,CoffeeScript,0
Nix,Haskell,13
Nix,TeX,1
Nix,Clojure,0
Nix,HCL,0
Nix,Nix,117
Nix,OCaml,0
Nix,XSLT,0
Nix,Vim script,1
Nix,Matlab,0
Nix,CMake,0
Nix,Smarty,0
Nix,Dart,0
Nix,Puppet,0
Nix,Erlang,0
Nix,Fortran,0
Nix,PLpgSQL,0
Nix,Emacs Lisp,1
Nix,Visual Basic,0
Nix,Arduino,0
Nix,F#,0
OCaml,JavaScript,24
OCaml,Python,9
OCaml,Java,3
OCaml,HTML,9
OCaml,Ruby,5
OCaml,PHP,0
OCaml,C++,4
OCaml,Go,2
OCaml,CSS,2
OCaml,C#,3
OCaml,TypeScript,1
OCaml,C,8
OCaml,Shell,12
OCaml,Scala,0
OCaml,Swift,2
OCaml,PowerShell,0
OCaml,Rust,2
OCaml,Objective-C,1
OCaml,Jupyter Notebook,4
OCaml,DM,0
OCaml,R,0
OCaml,Lua,2
OCaml,Kotlin,0
OCaml,Perl,0
OCaml,Vue,0
OCaml,Groovy,0
OCaml,Makefile,1
OCaml,Elixir,1
OCaml,Julia,1
OCaml,CoffeeScript,0
OCaml,Haskell,1
OCaml,TeX,4
OCaml,Clojure,0
OCaml,HCL,0
OCaml,Nix,0
OCaml,OCaml,192
OCaml,XSLT,1
OCaml,Vim script,5
OCaml,Matlab,0
OCaml,CMake,0
OCaml,Smarty,0
OCaml,Dart,0
OCaml,Puppet,0
OCaml,Erlang,1
OCaml,Fortran,0
OCaml,PLpgSQL,0
OCaml,Emacs Lisp,2
OCaml,Visual Basic,0
OCaml,Arduino,0
OCaml,F#,0
XSLT,JavaScript,24
XSLT,Python,27
XSLT,Java,47
XSLT,HTML,30
XSLT,Ruby,18
XSLT,PHP,18
XSLT,C++,15
XSLT,Go,5
XSLT,CSS,10
XSLT,C#,2
XSLT,TypeScript,5
XSLT,C,3
XSLT,Shell,24
XSLT,Scala,10
XSLT,Swift,2
XSLT,PowerShell,0
XSLT,Rust,3
XSLT,Objective-C,2
XSLT,Jupyter Notebook,2
XSLT,DM,0
XSLT,R,1
XSLT,Lua,0
XSLT,Kotlin,1
XSLT,Perl,0
XSLT,Vue,0
XSLT,Groovy,3
XSLT,Makefile,7
XSLT,Elixir,0
XSLT,Julia,0
XSLT,CoffeeScript,0
XSLT,Haskell,0
XSLT,TeX,3
XSLT,Clojure,0
XSLT,HCL,0
XSLT,Nix,0
XSLT,OCaml,1
XSLT,XSLT,245
XSLT,Vim script,2
XSLT,Matlab,0
XSLT,CMake,2
XSLT,Smarty,0
XSLT,Dart,0
XSLT,Puppet,0
XSLT,Erlang,0
XSLT,Fortran,0
XSLT,PLpgSQL,0
XSLT,Emacs Lisp,0
XSLT,Visual Basic,0
XSLT,Arduino,0
XSLT,F#,0
Vim script,JavaScript,35
Vim script,Python,20
Vim script,Java,3
Vim script,HTML,9
Vim script,Ruby,25
Vim script,PHP,5
Vim script,C++,4
Vim script,Go,21
Vim script,CSS,5
Vim script,C#,1
Vim script,TypeScript,8
Vim script,C,12
Vim script,Shell,33
Vim script,Scala,1
Vim script,Swift,1
Vim script,PowerShell,1
Vim script,Rust,2
Vim script,Objective-C,1
Vim script,Jupyter Notebook,2
Vim script,DM,0
Vim script,R,0
Vim script,Lua,1
Vim script,Kotlin,0
Vim script,Perl,2
Vim script,Vue,0
Vim script,Groovy,0
Vim script,Makefile,3
Vim script,Elixir,5
Vim script,Julia,0
Vim script,CoffeeScript,3
Vim script,Haskell,3
Vim script,TeX,3
Vim script,Clojure,1
Vim script,HCL,0
Vim script,Nix,1
Vim script,OCaml,5
Vim script,XSLT,2
Vim script,Vim script,341
Vim script,Matlab,0
Vim script,CMake,1
Vim script,Smarty,0
Vim script,Dart,2
Vim script,Puppet,2
Vim script,Erlang,0
Vim script,Fortran,0
Vim script,PLpgSQL,0
Vim script,Emacs Lisp,2
Vim script,Visual Basic,0
Vim script,Arduino,0
Vim script,F#,0
Matlab,JavaScript,4
Matlab,Python,24
Matlab,Java,10
Matlab,HTML,9
Matlab,Ruby,2
Matlab,PHP,0
Matlab,C++,8
Matlab,Go,0
Matlab,CSS,4
Matlab,C#,0
Matlab,TypeScript,1
Matlab,C,4
Matlab,Shell,4
Matlab,Scala,0
Matlab,Swift,1
Matlab,PowerShell,0
Matlab,Rust,0
Matlab,Objective-C,2
Matlab,Jupyter Notebook,5
Matlab,DM,0
Matlab,R,0
Matlab,Lua,0
Matlab,Kotlin,0
Matlab,Perl,0
Matlab,Vue,0
Matlab,Groovy,0
Matlab,Makefile,0
Matlab,Elixir,0
Matlab,Julia,1
Matlab,CoffeeScript,0
Matlab,Haskell,0
Matlab,TeX,4
Matlab,Clojure,0
Matlab,HCL,0
Matlab,Nix,0
Matlab,OCaml,0
Matlab,XSLT,0
Matlab,Vim script,0
Matlab,Matlab,370
Matlab,CMake,2
Matlab,Smarty,0
Matlab,Dart,0
Matlab,Puppet,0
Matlab,Erlang,0
Matlab,Fortran,1
Matlab,PLpgSQL,0
Matlab,Emacs Lisp,0
Matlab,Visual Basic,0
Matlab,Arduino,0
Matlab,F#,0
CMake,JavaScript,17
CMake,Python,61
CMake,Java,5
CMake,HTML,16
CMake,Ruby,6
CMake,PHP,3
CMake,C++,90
CMake,Go,1
CMake,CSS,6
CMake,C#,1
CMake,TypeScript,0
CMake,C,19
CMake,Shell,26
CMake,Scala,0
CMake,Swift,0
CMake,PowerShell,1
CMake,Rust,2
CMake,Objective-C,0
CMake,Jupyter Notebook,7
CMake,DM,0
CMake,R,1
CMake,Lua,0
CMake,Kotlin,0
CMake,Perl,0
CMake,Vue,0
CMake,Groovy,1
CMake,Makefile,4
CMake,Elixir,0
CMake,Julia,2
CMake,CoffeeScript,0
CMake,Haskell,0
CMake,TeX,2
CMake,Clojure,1
CMake,HCL,0
CMake,Nix,0
CMake,OCaml,0
CMake,XSLT,2
CMake,Vim script,1
CMake,Matlab,2
CMake,CMake,312
CMake,Smarty,0
CMake,Dart,0
CMake,Puppet,0
CMake,Erlang,0
CMake,Fortran,3
CMake,PLpgSQL,1
CMake,Emacs Lisp,1
CMake,Visual Basic,0
CMake,Arduino,0
CMake,F#,0
Smarty,JavaScript,16
Smarty,Python,22
Smarty,Java,10
Smarty,HTML,12
Smarty,Ruby,3
Smarty,PHP,11
Smarty,C++,1
Smarty,Go,27
Smarty,CSS,3
Smarty,C#,2
Smarty,TypeScript,4
Smarty,C,1
Smarty,Shell,30
Smarty,Scala,5
Smarty,Swift,0
Smarty,PowerShell,0
Smarty,Rust,2
Smarty,Objective-C,1
Smarty,Jupyter Notebook,0
Smarty,DM,0
Smarty,R,2
Smarty,Lua,0
Smarty,Kotlin,0
Smarty,Perl,2
Smarty,Vue,1
Smarty,Groovy,5
Smarty,Makefile,3
Smarty,Elixir,0
Smarty,Julia,0
Smarty,CoffeeScript,0
Smarty,Haskell,0
Smarty,TeX,0
Smarty,Clojure,0
Smarty,HCL,3
Smarty,Nix,0
Smarty,OCaml,0
Smarty,XSLT,0
Smarty,Vim script,0
Smarty,Matlab,0
Smarty,CMake,0
Smarty,Smarty,148
Smarty,Dart,0
Smarty,Puppet,0
Smarty,Erlang,0
Smarty,Fortran,0
Smarty,PLpgSQL,0
Smarty,Emacs Lisp,0
Smarty,Visual Basic,0
Smarty,Arduino,0
Smarty,F#,0
Dart,JavaScript,12
Dart,Python,7
Dart,Java,8
Dart,HTML,8
Dart,Ruby,3
Dart,PHP,2
Dart,C++,15
Dart,Go,3
Dart,CSS,9
Dart,C#,0
Dart,TypeScript,3
Dart,C,4
Dart,Shell,2
Dart,Scala,1
Dart,Swift,3
Dart,PowerShell,1
Dart,Rust,1
Dart,Objective-C,2
Dart,Jupyter Notebook,0
Dart,DM,0
Dart,R,0
Dart,Lua,0
Dart,Kotlin,1
Dart,Perl,1
Dart,Vue,1
Dart,Groovy,0
Dart,Makefile,0
Dart,Elixir,0
Dart,Julia,0
Dart,CoffeeScript,2
Dart,Haskell,0
Dart,TeX,1
Dart,Clojure,0
Dart,HCL,0
Dart,Nix,0
Dart,OCaml,0
Dart,XSLT,0
Dart,Vim script,2
Dart,Matlab,0
Dart,CMake,0
Dart,Smarty,0
Dart,Dart,142
Dart,Puppet,0
Dart,Erlang,0
Dart,Fortran,0
Dart,PLpgSQL,0
Dart,Emacs Lisp,0
Dart,Visual Basic,0
Dart,Arduino,0
Dart,F#,0
Puppet,JavaScript,18
Puppet,Python,27
Puppet,Java,5
Puppet,HTML,29
Puppet,Ruby,81
Puppet,PHP,5
Puppet,C++,3
Puppet,Go,6
Puppet,CSS,23
Puppet,C#,0
Puppet,TypeScript,0
Puppet,C,2
Puppet,Shell,29
Puppet,Scala,3
Puppet,Swift,1
Puppet,PowerShell,2
Puppet,Rust,0
Puppet,Objective-C,0
Puppet,Jupyter Notebook,1
Puppet,DM,0
Puppet,R,0
Puppet,Lua,2
Puppet,Kotlin,0
Puppet,Perl,1
Puppet,Vue,0
Puppet,Groovy,5
Puppet,Makefile,0
Puppet,Elixir,1
Puppet,Julia,0
Puppet,CoffeeScript,0
Puppet,Haskell,0
Puppet,TeX,0
Puppet,Clojure,1
Puppet,HCL,12
Puppet,Nix,0
Puppet,OCaml,0
Puppet,XSLT,0
Puppet,Vim script,2
Puppet,Matlab,0
Puppet,CMake,0
Puppet,Smarty,0
Puppet,Dart,0
Puppet,Puppet,230
Puppet,Erlang,0
Puppet,Fortran,0
Puppet,PLpgSQL,0
Puppet,Emacs Lisp,0
Puppet,Visual Basic,0
Puppet,Arduino,0
Puppet,F#,0
Erlang,JavaScript,14
Erlang,Python,14
Erlang,Java,7
Erlang,HTML,4
Erlang,Ruby,7
Erlang,PHP,4
Erlang,C++,7
Erlang,Go,3
Erlang,CSS,5
Erlang,C#,2
Erlang,TypeScript,1
Erlang,C,8
Erlang,Shell,13
Erlang,Scala,1
Erlang,Swift,3
Erlang,PowerShell,0
Erlang,Rust,2
Erlang,Objective-C,4
Erlang,Jupyter Notebook,0
Erlang,DM,0
Erlang,R,0
Erlang,Lua,0
Erlang,Kotlin,1
Erlang,Perl,0
Erlang,Vue,0
Erlang,Groovy,0
Erlang,Makefile,2
Erlang,Elixir,10
Erlang,Julia,0
Erlang,CoffeeScript,0
Erlang,Haskell,0
Erlang,TeX,0
Erlang,Clojure,3
Erlang,HCL,0
Erlang,Nix,0
Erlang,OCaml,1
Erlang,XSLT,0
Erlang,Vim script,0
Erlang,Matlab,0
Erlang,CMake,0
Erlang,Smarty,0
Erlang,Dart,0
Erlang,Puppet,0
Erlang,Erlang,181
Erlang,Fortran,0
Erlang,PLpgSQL,1
Erlang,Emacs Lisp,2
Erlang,Visual Basic,0
Erlang,Arduino,0
Erlang,F#,0
Fortran,JavaScript,3
Fortran,Python,15
Fortran,Java,2
Fortran,HTML,5
Fortran,Ruby,1
Fortran,PHP,1
Fortran,C++,9
Fortran,Go,0
Fortran,CSS,4
Fortran,C#,2
Fortran,TypeScript,0
Fortran,C,13
Fortran,Shell,9
Fortran,Scala,1
Fortran,Swift,0
Fortran,PowerShell,0
Fortran,Rust,0
Fortran,Objective-C,0
Fortran,Jupyter Notebook,8
Fortran,DM,0
Fortran,R,0
Fortran,Lua,1
Fortran,Kotlin,0
Fortran,Perl,1
Fortran,Vue,0
Fortran,Groovy,0
Fortran,Makefile,0
Fortran,Elixir,0
Fortran,Julia,1
Fortran,CoffeeScript,0
Fortran,Haskell,0
Fortran,TeX,3
Fortran,Clojure,0
Fortran,HCL,0
Fortran,Nix,0
Fortran,OCaml,0
Fortran,XSLT,0
Fortran,Vim script,0
Fortran,Matlab,1
Fortran,CMake,3
Fortran,Smarty,0
Fortran,Dart,0
Fortran,Puppet,0
Fortran,Erlang,0
Fortran,Fortran,183
Fortran,PLpgSQL,0
Fortran,Emacs Lisp,0
Fortran,Visual Basic,2
Fortran,Arduino,0
Fortran,F#,0
PLpgSQL,JavaScript,33
PLpgSQL,Python,23
PLpgSQL,Java,11
PLpgSQL,HTML,9
PLpgSQL,Ruby,5
PLpgSQL,PHP,3
PLpgSQL,C++,8
PLpgSQL,Go,1
PLpgSQL,CSS,7
PLpgSQL,C#,1
PLpgSQL,TypeScript,3
PLpgSQL,C,5
PLpgSQL,Shell,6
PLpgSQL,Scala,3
PLpgSQL,Swift,0
PLpgSQL,PowerShell,1
PLpgSQL,Rust,1
PLpgSQL,Objective-C,0
PLpgSQL,Jupyter Notebook,4
PLpgSQL,DM,0
PLpgSQL,R,0
PLpgSQL,Lua,0
PLpgSQL,Kotlin,2
PLpgSQL,Perl,1
PLpgSQL,Vue,0
PLpgSQL,Groovy,1
PLpgSQL,Makefile,2
PLpgSQL,Elixir,0
PLpgSQL,Julia,0
PLpgSQL,CoffeeScript,1
PLpgSQL,Haskell,0
PLpgSQL,TeX,0
PLpgSQL,Clojure,0
PLpgSQL,HCL,0
PLpgSQL,Nix,0
PLpgSQL,OCaml,0
PLpgSQL,XSLT,0
PLpgSQL,Vim script,0
PLpgSQL,Matlab,0
PLpgSQL,CMake,1
PLpgSQL,Smarty,0
PLpgSQL,Dart,0
PLpgSQL,Puppet,0
PLpgSQL,Erlang,1
PLpgSQL,Fortran,0
PLpgSQL,PLpgSQL,137
PLpgSQL,Emacs Lisp,0
PLpgSQL,Visual Basic,0
PLpgSQL,Arduino,0
PLpgSQL,F#,0
Emacs Lisp,JavaScript,17
Emacs Lisp,Python,15
Emacs Lisp,Java,4
Emacs Lisp,HTML,6
Emacs Lisp,Ruby,12
Emacs Lisp,PHP,6
Emacs Lisp,C++,7
Emacs Lisp,Go,5
Emacs Lisp,CSS,5
Emacs Lisp,C#,2
Emacs Lisp,TypeScript,1
Emacs Lisp,C,3
Emacs Lisp,Shell,15
Emacs Lisp,Scala,1
Emacs Lisp,Swift,1
Emacs Lisp,PowerShell,1
Emacs Lisp,Rust,0
Emacs Lisp,Objective-C,1
Emacs Lisp,Jupyter Notebook,0
Emacs Lisp,DM,0
Emacs Lisp,R,3
Emacs Lisp,Lua,0
Emacs Lisp,Kotlin,0
Emacs Lisp,Perl,1
Emacs Lisp,Vue,0
Emacs Lisp,Groovy,0
Emacs Lisp,Makefile,1
Emacs Lisp,Elixir,2
Emacs Lisp,Julia,1
Emacs Lisp,CoffeeScript,0
Emacs Lisp,Haskell,7
Emacs Lisp,TeX,1
Emacs Lisp,Clojure,8
Emacs Lisp,HCL,0
Emacs Lisp,Nix,1
Emacs Lisp,OCaml,2
Emacs Lisp,XSLT,0
Emacs Lisp,Vim script,2
Emacs Lisp,Matlab,0
Emacs Lisp,CMake,1
Emacs Lisp,Smarty,0
Emacs Lisp,Dart,0
Emacs Lisp,Puppet,0
Emacs Lisp,Erlang,2
Emacs Lisp,Fortran,0
Emacs Lisp,PLpgSQL,0
Emacs Lisp,Emacs Lisp,276
Emacs Lisp,Visual Basic,0
Emacs Lisp,Arduino,0
Emacs Lisp,F#,0
Visual Basic,JavaScript,5
Visual Basic,Python,2
Visual Basic,Java,4
Visual Basic,HTML,4
Visual Basic,Ruby,1
Visual Basic,PHP,4
Visual Basic,C++,4
Visual Basic,Go,0
Visual Basic,CSS,3
Visual Basic,C#,6
Visual Basic,TypeScript,0
Visual Basic,C,2
Visual Basic,Shell,3
Visual Basic,Scala,0
Visual Basic,Swift,0
Visual Basic,PowerShell,2
Visual Basic,Rust,0
Visual Basic,Objective-C,0
Visual Basic,Jupyter Notebook,0
Visual Basic,DM,0
Visual Basic,R,0
Visual Basic,Lua,0
Visual Basic,Kotlin,0
Visual Basic,Perl,1
Visual Basic,Vue,0
Visual Basic,Groovy,0
Visual Basic,Makefile,0
Visual Basic,Elixir,0
Visual Basic,Julia,0
Visual Basic,CoffeeScript,0
Visual Basic,Haskell,0
Visual Basic,TeX,0
Visual Basic,Clojure,0
Visual Basic,HCL,0
Visual Basic,Nix,0
Visual Basic,OCaml,0
Visual Basic,XSLT,0
Visual Basic,Vim script,0
Visual Basic,Matlab,0
Visual Basic,CMake,0
Visual Basic,Smarty,0
Visual Basic,Dart,0
Visual Basic,Puppet,0
Visual Basic,Erlang,0
Visual Basic,Fortran,2
Visual Basic,PLpgSQL,0
Visual Basic,Emacs Lisp,0
Visual Basic,Visual Basic,148
Visual Basic,Arduino,0
Visual Basic,F#,0
Arduino,JavaScript,5
Arduino,Python,12
Arduino,Java,6
Arduino,HTML,6
Arduino,Ruby,1
Arduino,PHP,1
Arduino,C++,16
Arduino,Go,0
Arduino,CSS,5
Arduino,C#,1
Arduino,TypeScript,1
Arduino,C,6
Arduino,Shell,2
Arduino,Scala,0
Arduino,Swift,1
Arduino,PowerShell,0
Arduino,Rust,0
Arduino,Objective-C,1
Arduino,Jupyter Notebook,0
Arduino,DM,0
Arduino,R,0
Arduino,Lua,1
Arduino,Kotlin,0
Arduino,Perl,0
Arduino,Vue,0
Arduino,Groovy,0
Arduino,Makefile,0
Arduino,Elixir,0
Arduino,Julia,0
Arduino,CoffeeScript,0
Arduino,Haskell,0
Arduino,TeX,1
Arduino,Clojure,0
Arduino,HCL,0
Arduino,Nix,0
Arduino,OCaml,0
Arduino,XSLT,0
Arduino,Vim script,0
Arduino,Matlab,0
Arduino,CMake,0
Arduino,Smarty,0
Arduino,Dart,0
Arduino,Puppet,0
Arduino,Erlang,0
Arduino,Fortran,0
Arduino,PLpgSQL,0
Arduino,Emacs Lisp,0
Arduino,Visual Basic,0
Arduino,Arduino,266
Arduino,F#,0
F#,JavaScript,8
F#,Python,2
F#,Java,0
F#,HTML,4
F#,Ruby,3
F#,PHP,0
F#,C++,1
F#,Go,0
F#,CSS,1
F#,C#,16
F#,TypeScript,2
F#,C,1
F#,Shell,2
F#,Scala,2
F#,Swift,0
F#,PowerShell,2
F#,Rust,0
F#,Objective-C,0
F#,Jupyter Notebook,0
F#,DM,0
F#,R,0
F#,Lua,0
F#,Kotlin,0
F#,Perl,0
F#,Vue,0
F#,Groovy,0
F#,Makefile,0
F#,Elixir,0
F#,Julia,0
F#,CoffeeScript,0
F#,Haskell,1
F#,TeX,0
F#,Clojure,0
F#,HCL,0
F#,Nix,0
F#,OCaml,0
F#,XSLT,0
F#,Vim script,0
F#,Matlab,0
F#,CMake,0
F#,Smarty,0
F#,Dart,0
F#,Puppet,0
F#,Erlang,0
F#,Fortran,0
F#,PLpgSQL,0
F#,Emacs Lisp,0
F#,Visual Basic,0
F#,Arduino,0
F#,F#,107
