language1,language2,paradigm1,paradigm2,common_actors
Roff,Roff,undefined,undefined,87
Roff,Vala,undefined,undefined,0
Roff,Chapel,undefined,undefined,0
Roff,Shell,undefined,scripted,6
Roff,PowerShell,undefined,scripted,0
Roff,Vim script,undefined,scripted,0
Roff,Emacs Lisp,undefined,scripted,0
Roff,Batchfile,undefined,scripted,0
Roff,PHP,undefined,procedural,1
Roff,C++,undefined,procedural,2
Roff,JavaScript,undefined,oob,8
Roff,Python,undefined,oob,11
Roff,Java,undefined,oob,10
Roff,Ruby,undefined,oob,6
Roff,C#,undefined,oob,1
Roff,TypeScript,undefined,oob,0
Roff,Jupyter Notebook,undefined,oob,1
Roff,Objective-C,undefined,oob,0
Roff,Kotlin,undefined,oob,0
Roff,Dart,undefined,oob,0
Roff,Crystal,undefined,oob,1
Roff,Go,undefined,multi,2
Roff,Swift,undefined,multi,0
Roff,Scala,undefined,multi,2
Roff,R,undefined,multi,0
Roff,Rust,undefined,multi,0
Roff,Lua,undefined,multi,0
Roff,Perl,undefined,multi,0
Roff,CoffeeScript,undefined,multi,0
Roff,Matlab,undefined,multi,0
Roff,Julia,undefined,multi,1
Roff,Visual Basic,undefined,multi,0
Roff,F#,undefined,multi,0
Roff,D,undefined,multi,0
Roff,Assembly,undefined,machine,0
Roff,C,undefined,imperative,3
Roff,Arduino,undefined,imperative,0
Roff,Fortran,undefined,imperative,2
Roff,Elixir,undefined,functional,1
Roff,Groovy,undefined,functional,0
Roff,Haskell,undefined,functional,0
Roff,Clojure,undefined,functional,0
Roff,OCaml,undefined,functional,0
Roff,Erlang,undefined,functional,0
Roff,HTML,undefined,declarative,6
Roff,CSS,undefined,declarative,1
Roff,XSLT,undefined,declarative,0
Roff,PLpgSQL,undefined,declarative,0
Roff,Elm,undefined,declarative,0
Roff,Nix,undefined,declarative,0
Vala,Roff,undefined,undefined,0
Vala,Vala,undefined,undefined,59
Vala,Chapel,undefined,undefined,0
Vala,Shell,undefined,scripted,3
Vala,PowerShell,undefined,scripted,0
Vala,Vim script,undefined,scripted,0
Vala,Emacs Lisp,undefined,scripted,0
Vala,Batchfile,undefined,scripted,0
Vala,PHP,undefined,procedural,3
Vala,C++,undefined,procedural,2
Vala,JavaScript,undefined,oob,7
Vala,Python,undefined,oob,5
Vala,Java,undefined,oob,0
Vala,Ruby,undefined,oob,0
Vala,C#,undefined,oob,1
Vala,TypeScript,undefined,oob,1
Vala,Jupyter Notebook,undefined,oob,0
Vala,Objective-C,undefined,oob,0
Vala,Kotlin,undefined,oob,0
Vala,Dart,undefined,oob,0
Vala,Crystal,undefined,oob,0
Vala,Go,undefined,multi,2
Vala,Swift,undefined,multi,0
Vala,Scala,undefined,multi,0
Vala,R,undefined,multi,0
Vala,Rust,undefined,multi,1
Vala,Lua,undefined,multi,0
Vala,Perl,undefined,multi,0
Vala,CoffeeScript,undefined,multi,0
Vala,Matlab,undefined,multi,0
Vala,Julia,undefined,multi,0
Vala,Visual Basic,undefined,multi,0
Vala,F#,undefined,multi,0
Vala,D,undefined,multi,0
Vala,Assembly,undefined,machine,0
Vala,C,undefined,imperative,5
Vala,Arduino,undefined,imperative,0
Vala,Fortran,undefined,imperative,0
Vala,Elixir,undefined,functional,0
Vala,Groovy,undefined,functional,0
Vala,Haskell,undefined,functional,0
Vala,Clojure,undefined,functional,0
Vala,OCaml,undefined,functional,0
Vala,Erlang,undefined,functional,0
Vala,HTML,undefined,declarative,2
Vala,CSS,undefined,declarative,3
Vala,XSLT,undefined,declarative,0
Vala,PLpgSQL,undefined,declarative,0
Vala,Elm,undefined,declarative,0
Vala,Nix,undefined,declarative,0
Chapel,Roff,undefined,undefined,0
Chapel,Vala,undefined,undefined,0
Chapel,Chapel,undefined,undefined,16
Chapel,Shell,undefined,scripted,0
Chapel,PowerShell,undefined,scripted,0
Chapel,Vim script,undefined,scripted,0
Chapel,Emacs Lisp,undefined,scripted,0
Chapel,Batchfile,undefined,scripted,0
Chapel,PHP,undefined,procedural,0
Chapel,C++,undefined,procedural,2
Chapel,JavaScript,undefined,oob,1
Chapel,Python,undefined,oob,0
Chapel,Java,undefined,oob,0
Chapel,Ruby,undefined,oob,0
Chapel,C#,undefined,oob,0
Chapel,TypeScript,undefined,oob,0
Chapel,Jupyter Notebook,undefined,oob,1
Chapel,Objective-C,undefined,oob,0
Chapel,Kotlin,undefined,oob,0
Chapel,Dart,undefined,oob,0
Chapel,Crystal,undefined,oob,0
Chapel,Go,undefined,multi,0
Chapel,Swift,undefined,multi,0
Chapel,Scala,undefined,multi,0
Chapel,R,undefined,multi,0
Chapel,Rust,undefined,multi,0
Chapel,Lua,undefined,multi,0
Chapel,Perl,undefined,multi,1
Chapel,CoffeeScript,undefined,multi,0
Chapel,Matlab,undefined,multi,0
Chapel,Julia,undefined,multi,0
Chapel,Visual Basic,undefined,multi,0
Chapel,F#,undefined,multi,0
Chapel,D,undefined,multi,0
Chapel,Assembly,undefined,machine,0
Chapel,C,undefined,imperative,0
Chapel,Arduino,undefined,imperative,0
Chapel,Fortran,undefined,imperative,0
Chapel,Elixir,undefined,functional,0
Chapel,Groovy,undefined,functional,0
Chapel,Haskell,undefined,functional,0
Chapel,Clojure,undefined,functional,0
Chapel,OCaml,undefined,functional,0
Chapel,Erlang,undefined,functional,0
Chapel,HTML,undefined,declarative,0
Chapel,CSS,undefined,declarative,0
Chapel,XSLT,undefined,declarative,0
Chapel,PLpgSQL,undefined,declarative,0
Chapel,Elm,undefined,declarative,0
Chapel,Nix,undefined,declarative,0
Shell,Roff,scripted,undefined,6
Shell,Vala,scripted,undefined,3
Shell,Chapel,scripted,undefined,0
Shell,Shell,scripted,scripted,5795
Shell,PowerShell,scripted,scripted,18
Shell,Vim script,scripted,scripted,33
Shell,Emacs Lisp,scripted,scripted,15
Shell,Batchfile,scripted,scripted,13
Shell,PHP,scripted,procedural,196
Shell,C++,scripted,procedural,233
Shell,JavaScript,scripted,oob,613
Shell,Python,scripted,oob,879
Shell,Java,scripted,oob,414
Shell,Ruby,scripted,oob,331
Shell,C#,scripted,oob,52
Shell,TypeScript,scripted,oob,59
Shell,Jupyter Notebook,scripted,oob,50
Shell,Objective-C,scripted,oob,18
Shell,Kotlin,scripted,oob,12
Shell,Dart,scripted,oob,2
Shell,Crystal,scripted,oob,6
Shell,Go,scripted,multi,367
Shell,Swift,scripted,multi,36
Shell,Scala,scripted,multi,57
Shell,R,scripted,multi,18
Shell,Rust,scripted,multi,41
Shell,Lua,scripted,multi,21
Shell,Perl,scripted,multi,48
Shell,CoffeeScript,scripted,multi,25
Shell,Matlab,scripted,multi,4
Shell,Julia,scripted,multi,5
Shell,Visual Basic,scripted,multi,3
Shell,F#,scripted,multi,2
Shell,D,scripted,multi,8
Shell,Assembly,scripted,machine,4
Shell,C,scripted,imperative,255
Shell,Arduino,scripted,imperative,2
Shell,Fortran,scripted,imperative,9
Shell,Elixir,scripted,functional,17
Shell,Groovy,scripted,functional,90
Shell,Haskell,scripted,functional,16
Shell,Clojure,scripted,functional,18
Shell,OCaml,scripted,functional,12
Shell,Erlang,scripted,functional,13
Shell,HTML,scripted,declarative,388
Shell,CSS,scripted,declarative,232
Shell,XSLT,scripted,declarative,24
Shell,PLpgSQL,scripted,declarative,6
Shell,Elm,scripted,declarative,5
Shell,Nix,scripted,declarative,0
PowerShell,Roff,scripted,undefined,0
PowerShell,Vala,scripted,undefined,0
PowerShell,Chapel,scripted,undefined,0
PowerShell,Shell,scripted,scripted,18
PowerShell,PowerShell,scripted,scripted,720
PowerShell,Vim script,scripted,scripted,1
PowerShell,Emacs Lisp,scripted,scripted,1
PowerShell,Batchfile,scripted,scripted,6
PowerShell,PHP,scripted,procedural,8
PowerShell,C++,scripted,procedural,10
PowerShell,JavaScript,scripted,oob,43
PowerShell,Python,scripted,oob,18
PowerShell,Java,scripted,oob,5
PowerShell,Ruby,scripted,oob,12
PowerShell,C#,scripted,oob,72
PowerShell,TypeScript,scripted,oob,13
PowerShell,Jupyter Notebook,scripted,oob,0
PowerShell,Objective-C,scripted,oob,1
PowerShell,Kotlin,scripted,oob,0
PowerShell,Dart,scripted,oob,1
PowerShell,Crystal,scripted,oob,0
PowerShell,Go,scripted,multi,7
PowerShell,Swift,scripted,multi,1
PowerShell,Scala,scripted,multi,0
PowerShell,R,scripted,multi,0
PowerShell,Rust,scripted,multi,1
PowerShell,Lua,scripted,multi,0
PowerShell,Perl,scripted,multi,1
PowerShell,CoffeeScript,scripted,multi,1
PowerShell,Matlab,scripted,multi,0
PowerShell,Julia,scripted,multi,0
PowerShell,Visual Basic,scripted,multi,2
PowerShell,F#,scripted,multi,2
PowerShell,D,scripted,multi,1
PowerShell,Assembly,scripted,machine,0
PowerShell,C,scripted,imperative,9
PowerShell,Arduino,scripted,imperative,0
PowerShell,Fortran,scripted,imperative,0
PowerShell,Elixir,scripted,functional,0
PowerShell,Groovy,scripted,functional,2
PowerShell,Haskell,scripted,functional,1
PowerShell,Clojure,scripted,functional,1
PowerShell,OCaml,scripted,functional,0
PowerShell,Erlang,scripted,functional,0
PowerShell,HTML,scripted,declarative,7
PowerShell,CSS,scripted,declarative,7
PowerShell,XSLT,scripted,declarative,0
PowerShell,PLpgSQL,scripted,declarative,1
PowerShell,Elm,scripted,declarative,1
PowerShell,Nix,scripted,declarative,0
Vim script,Roff,scripted,undefined,0
Vim script,Vala,scripted,undefined,0
Vim script,Chapel,scripted,undefined,0
Vim script,Shell,scripted,scripted,33
Vim script,PowerShell,scripted,scripted,1
Vim script,Vim script,scripted,scripted,341
Vim script,Emacs Lisp,scripted,scripted,2
Vim script,Batchfile,scripted,scripted,1
Vim script,PHP,scripted,procedural,5
Vim script,C++,scripted,procedural,4
Vim script,JavaScript,scripted,oob,35
Vim script,Python,scripted,oob,20
Vim script,Java,scripted,oob,3
Vim script,Ruby,scripted,oob,25
Vim script,C#,scripted,oob,1
Vim script,TypeScript,scripted,oob,8
Vim script,Jupyter Notebook,scripted,oob,2
Vim script,Objective-C,scripted,oob,1
Vim script,Kotlin,scripted,oob,0
Vim script,Dart,scripted,oob,2
Vim script,Crystal,scripted,oob,0
Vim script,Go,scripted,multi,21
Vim script,Swift,scripted,multi,1
Vim script,Scala,scripted,multi,1
Vim script,R,scripted,multi,0
Vim script,Rust,scripted,multi,2
Vim script,Lua,scripted,multi,1
Vim script,Perl,scripted,multi,2
Vim script,CoffeeScript,scripted,multi,3
Vim script,Matlab,scripted,multi,0
Vim script,Julia,scripted,multi,0
Vim script,Visual Basic,scripted,multi,0
Vim script,F#,scripted,multi,0
Vim script,D,scripted,multi,1
Vim script,Assembly,scripted,machine,1
Vim script,C,scripted,imperative,12
Vim script,Arduino,scripted,imperative,0
Vim script,Fortran,scripted,imperative,0
Vim script,Elixir,scripted,functional,5
Vim script,Groovy,scripted,functional,0
Vim script,Haskell,scripted,functional,3
Vim script,Clojure,scripted,functional,1
Vim script,OCaml,scripted,functional,5
Vim script,Erlang,scripted,functional,0
Vim script,HTML,scripted,declarative,9
Vim script,CSS,scripted,declarative,5
Vim script,XSLT,scripted,declarative,2
Vim script,PLpgSQL,scripted,declarative,0
Vim script,Elm,scripted,declarative,1
Vim script,Nix,scripted,declarative,1
Emacs Lisp,Roff,scripted,undefined,0
Emacs Lisp,Vala,scripted,undefined,0
Emacs Lisp,Chapel,scripted,undefined,0
Emacs Lisp,Shell,scripted,scripted,15
Emacs Lisp,PowerShell,scripted,scripted,1
Emacs Lisp,Vim script,scripted,scripted,2
Emacs Lisp,Emacs Lisp,scripted,scripted,276
Emacs Lisp,Batchfile,scripted,scripted,0
Emacs Lisp,PHP,scripted,procedural,6
Emacs Lisp,C++,scripted,procedural,7
Emacs Lisp,JavaScript,scripted,oob,17
Emacs Lisp,Python,scripted,oob,15
Emacs Lisp,Java,scripted,oob,4
Emacs Lisp,Ruby,scripted,oob,12
Emacs Lisp,C#,scripted,oob,2
Emacs Lisp,TypeScript,scripted,oob,1
Emacs Lisp,Jupyter Notebook,scripted,oob,0
Emacs Lisp,Objective-C,scripted,oob,1
Emacs Lisp,Kotlin,scripted,oob,0
Emacs Lisp,Dart,scripted,oob,0
Emacs Lisp,Crystal,scripted,oob,0
Emacs Lisp,Go,scripted,multi,5
Emacs Lisp,Swift,scripted,multi,1
Emacs Lisp,Scala,scripted,multi,1
Emacs Lisp,R,scripted,multi,3
Emacs Lisp,Rust,scripted,multi,0
Emacs Lisp,Lua,scripted,multi,0
Emacs Lisp,Perl,scripted,multi,1
Emacs Lisp,CoffeeScript,scripted,multi,0
Emacs Lisp,Matlab,scripted,multi,0
Emacs Lisp,Julia,scripted,multi,1
Emacs Lisp,Visual Basic,scripted,multi,0
Emacs Lisp,F#,scripted,multi,0
Emacs Lisp,D,scripted,multi,1
Emacs Lisp,Assembly,scripted,machine,0
Emacs Lisp,C,scripted,imperative,3
Emacs Lisp,Arduino,scripted,imperative,0
Emacs Lisp,Fortran,scripted,imperative,0
Emacs Lisp,Elixir,scripted,functional,2
Emacs Lisp,Groovy,scripted,functional,0
Emacs Lisp,Haskell,scripted,functional,7
Emacs Lisp,Clojure,scripted,functional,8
Emacs Lisp,OCaml,scripted,functional,2
Emacs Lisp,Erlang,scripted,functional,2
Emacs Lisp,HTML,scripted,declarative,6
Emacs Lisp,CSS,scripted,declarative,5
Emacs Lisp,XSLT,scripted,declarative,0
Emacs Lisp,PLpgSQL,scripted,declarative,0
Emacs Lisp,Elm,scripted,declarative,0
Emacs Lisp,Nix,scripted,declarative,1
Batchfile,Roff,scripted,undefined,0
Batchfile,Vala,scripted,undefined,0
Batchfile,Chapel,scripted,undefined,0
Batchfile,Shell,scripted,scripted,13
Batchfile,PowerShell,scripted,scripted,6
Batchfile,Vim script,scripted,scripted,1
Batchfile,Emacs Lisp,scripted,scripted,0
Batchfile,Batchfile,scripted,scripted,142
Batchfile,PHP,scripted,procedural,3
Batchfile,C++,scripted,procedural,5
Batchfile,JavaScript,scripted,oob,16
Batchfile,Python,scripted,oob,11
Batchfile,Java,scripted,oob,8
Batchfile,Ruby,scripted,oob,1
Batchfile,C#,scripted,oob,10
Batchfile,TypeScript,scripted,oob,2
Batchfile,Jupyter Notebook,scripted,oob,1
Batchfile,Objective-C,scripted,oob,0
Batchfile,Kotlin,scripted,oob,0
Batchfile,Dart,scripted,oob,1
Batchfile,Crystal,scripted,oob,0
Batchfile,Go,scripted,multi,1
Batchfile,Swift,scripted,multi,2
Batchfile,Scala,scripted,multi,1
Batchfile,R,scripted,multi,0
Batchfile,Rust,scripted,multi,1
Batchfile,Lua,scripted,multi,0
Batchfile,Perl,scripted,multi,1
Batchfile,CoffeeScript,scripted,multi,2
Batchfile,Matlab,scripted,multi,0
Batchfile,Julia,scripted,multi,0
Batchfile,Visual Basic,scripted,multi,0
Batchfile,F#,scripted,multi,0
Batchfile,D,scripted,multi,0
Batchfile,Assembly,scripted,machine,0
Batchfile,C,scripted,imperative,12
Batchfile,Arduino,scripted,imperative,0
Batchfile,Fortran,scripted,imperative,0
Batchfile,Elixir,scripted,functional,0
Batchfile,Groovy,scripted,functional,1
Batchfile,Haskell,scripted,functional,0
Batchfile,Clojure,scripted,functional,0
Batchfile,OCaml,scripted,functional,0
Batchfile,Erlang,scripted,functional,0
Batchfile,HTML,scripted,declarative,10
Batchfile,CSS,scripted,declarative,2
Batchfile,XSLT,scripted,declarative,2
Batchfile,PLpgSQL,scripted,declarative,1
Batchfile,Elm,scripted,declarative,0
Batchfile,Nix,scripted,declarative,0
PHP,Roff,procedural,undefined,1
PHP,Vala,procedural,undefined,3
PHP,Chapel,procedural,undefined,0
PHP,Shell,procedural,scripted,196
PHP,PowerShell,procedural,scripted,8
PHP,Vim script,procedural,scripted,5
PHP,Emacs Lisp,procedural,scripted,6
PHP,Batchfile,procedural,scripted,3
PHP,PHP,procedural,procedural,10248
PHP,C++,procedural,procedural,67
PHP,JavaScript,procedural,oob,910
PHP,Python,procedural,oob,246
PHP,Java,procedural,oob,176
PHP,Ruby,procedural,oob,143
PHP,C#,procedural,oob,77
PHP,TypeScript,procedural,oob,70
PHP,Jupyter Notebook,procedural,oob,3
PHP,Objective-C,procedural,oob,14
PHP,Kotlin,procedural,oob,4
PHP,Dart,procedural,oob,2
PHP,Crystal,procedural,oob,2
PHP,Go,procedural,multi,72
PHP,Swift,procedural,multi,18
PHP,Scala,procedural,multi,7
PHP,R,procedural,multi,4
PHP,Rust,procedural,multi,9
PHP,Lua,procedural,multi,6
PHP,Perl,procedural,multi,23
PHP,CoffeeScript,procedural,multi,17
PHP,Matlab,procedural,multi,0
PHP,Julia,procedural,multi,0
PHP,Visual Basic,procedural,multi,4
PHP,F#,procedural,multi,0
PHP,D,procedural,multi,2
PHP,Assembly,procedural,machine,1
PHP,C,procedural,imperative,64
PHP,Arduino,procedural,imperative,1
PHP,Fortran,procedural,imperative,1
PHP,Elixir,procedural,functional,8
PHP,Groovy,procedural,functional,3
PHP,Haskell,procedural,functional,3
PHP,Clojure,procedural,functional,2
PHP,OCaml,procedural,functional,0
PHP,Erlang,procedural,functional,4
PHP,HTML,procedural,declarative,501
PHP,CSS,procedural,declarative,377
PHP,XSLT,procedural,declarative,18
PHP,PLpgSQL,procedural,declarative,3
PHP,Elm,procedural,declarative,4
PHP,Nix,procedural,declarative,0
C++,Roff,procedural,undefined,2
C++,Vala,procedural,undefined,2
C++,Chapel,procedural,undefined,2
C++,Shell,procedural,scripted,233
C++,PowerShell,procedural,scripted,10
C++,Vim script,procedural,scripted,4
C++,Emacs Lisp,procedural,scripted,7
C++,Batchfile,procedural,scripted,5
C++,PHP,procedural,procedural,67
C++,C++,procedural,procedural,8443
C++,JavaScript,procedural,oob,330
C++,Python,procedural,oob,613
C++,Java,procedural,oob,209
C++,Ruby,procedural,oob,69
C++,C#,procedural,oob,94
C++,TypeScript,procedural,oob,38
C++,Jupyter Notebook,procedural,oob,49
C++,Objective-C,procedural,oob,27
C++,Kotlin,procedural,oob,8
C++,Dart,procedural,oob,15
C++,Crystal,procedural,oob,2
C++,Go,procedural,multi,88
C++,Swift,procedural,multi,29
C++,Scala,procedural,multi,16
C++,R,procedural,multi,28
C++,Rust,procedural,multi,30
C++,Lua,procedural,multi,35
C++,Perl,procedural,multi,21
C++,CoffeeScript,procedural,multi,9
C++,Matlab,procedural,multi,8
C++,Julia,procedural,multi,7
C++,Visual Basic,procedural,multi,4
C++,F#,procedural,multi,1
C++,D,procedural,multi,3
C++,Assembly,procedural,machine,13
C++,C,procedural,imperative,516
C++,Arduino,procedural,imperative,16
C++,Fortran,procedural,imperative,9
C++,Elixir,procedural,functional,1
C++,Groovy,procedural,functional,7
C++,Haskell,procedural,functional,4
C++,Clojure,procedural,functional,8
C++,OCaml,procedural,functional,4
C++,Erlang,procedural,functional,7
C++,HTML,procedural,declarative,206
C++,CSS,procedural,declarative,101
C++,XSLT,procedural,declarative,15
C++,PLpgSQL,procedural,declarative,8
C++,Elm,procedural,declarative,1
C++,Nix,procedural,declarative,6
JavaScript,Roff,oob,undefined,8
JavaScript,Vala,oob,undefined,7
JavaScript,Chapel,oob,undefined,1
JavaScript,Shell,oob,scripted,613
JavaScript,PowerShell,oob,scripted,43
JavaScript,Vim script,oob,scripted,35
JavaScript,Emacs Lisp,oob,scripted,17
JavaScript,Batchfile,oob,scripted,16
JavaScript,PHP,oob,procedural,910
JavaScript,C++,oob,procedural,330
JavaScript,JavaScript,oob,oob,35525
JavaScript,Python,oob,oob,1497
JavaScript,Java,oob,oob,1086
JavaScript,Ruby,oob,oob,948
JavaScript,C#,oob,oob,353
JavaScript,TypeScript,oob,oob,877
JavaScript,Jupyter Notebook,oob,oob,74
JavaScript,Objective-C,oob,oob,206
JavaScript,Kotlin,oob,oob,33
JavaScript,Dart,oob,oob,12
JavaScript,Crystal,oob,oob,8
JavaScript,Go,oob,multi,424
JavaScript,Swift,oob,multi,111
JavaScript,Scala,oob,multi,112
JavaScript,R,oob,multi,39
JavaScript,Rust,oob,multi,67
JavaScript,Lua,oob,multi,41
JavaScript,Perl,oob,multi,40
JavaScript,CoffeeScript,oob,multi,167
JavaScript,Matlab,oob,multi,4
JavaScript,Julia,oob,multi,3
JavaScript,Visual Basic,oob,multi,5
JavaScript,F#,oob,multi,8
JavaScript,D,oob,multi,2
JavaScript,Assembly,oob,machine,7
JavaScript,C,oob,imperative,236
JavaScript,Arduino,oob,imperative,5
JavaScript,Fortran,oob,imperative,3
JavaScript,Elixir,oob,functional,74
JavaScript,Groovy,oob,functional,63
JavaScript,Haskell,oob,functional,23
JavaScript,Clojure,oob,functional,33
JavaScript,OCaml,oob,functional,24
JavaScript,Erlang,oob,functional,14
JavaScript,HTML,oob,declarative,2766
JavaScript,CSS,oob,declarative,1582
JavaScript,XSLT,oob,declarative,24
JavaScript,PLpgSQL,oob,declarative,33
JavaScript,Elm,oob,declarative,17
JavaScript,Nix,oob,declarative,5
Python,Roff,oob,undefined,11
Python,Vala,oob,undefined,5
Python,Chapel,oob,undefined,0
Python,Shell,oob,scripted,879
Python,PowerShell,oob,scripted,18
Python,Vim script,oob,scripted,20
Python,Emacs Lisp,oob,scripted,15
Python,Batchfile,oob,scripted,11
Python,PHP,oob,procedural,246
Python,C++,oob,procedural,613
Python,JavaScript,oob,oob,1497
Python,Python,oob,oob,20618
Python,Java,oob,oob,526
Python,Ruby,oob,oob,354
Python,C#,oob,oob,124
Python,TypeScript,oob,oob,121
Python,Jupyter Notebook,oob,oob,332
Python,Objective-C,oob,oob,38
Python,Kotlin,oob,oob,16
Python,Dart,oob,oob,7
Python,Crystal,oob,oob,1
Python,Go,oob,multi,365
Python,Swift,oob,multi,40
Python,Scala,oob,multi,65
Python,R,oob,multi,42
Python,Rust,oob,multi,64
Python,Lua,oob,multi,32
Python,Perl,oob,multi,63
Python,CoffeeScript,oob,multi,32
Python,Matlab,oob,multi,24
Python,Julia,oob,multi,14
Python,Visual Basic,oob,multi,2
Python,F#,oob,multi,2
Python,D,oob,multi,3
Python,Assembly,oob,machine,9
Python,C,oob,imperative,446
Python,Arduino,oob,imperative,12
Python,Fortran,oob,imperative,15
Python,Elixir,oob,functional,27
Python,Groovy,oob,functional,63
Python,Haskell,oob,functional,21
Python,Clojure,oob,functional,19
Python,OCaml,oob,functional,9
Python,Erlang,oob,functional,14
Python,HTML,oob,declarative,980
Python,CSS,oob,declarative,402
Python,XSLT,oob,declarative,27
Python,PLpgSQL,oob,declarative,23
Python,Elm,oob,declarative,7
Python,Nix,oob,declarative,13
Java,Roff,oob,undefined,10
Java,Vala,oob,undefined,0
Java,Chapel,oob,undefined,0
Java,Shell,oob,scripted,414
Java,PowerShell,oob,scripted,5
Java,Vim script,oob,scripted,3
Java,Emacs Lisp,oob,scripted,4
Java,Batchfile,oob,scripted,8
Java,PHP,oob,procedural,176
Java,C++,oob,procedural,209
Java,JavaScript,oob,oob,1086
Java,Python,oob,oob,526
Java,Java,oob,oob,18509
Java,Ruby,oob,oob,200
Java,C#,oob,oob,159
Java,TypeScript,oob,oob,191
Java,Jupyter Notebook,oob,oob,28
Java,Objective-C,oob,oob,146
Java,Kotlin,oob,oob,125
Java,Dart,oob,oob,8
Java,Crystal,oob,oob,2
Java,Go,oob,multi,161
Java,Swift,oob,multi,82
Java,Scala,oob,multi,111
Java,R,oob,multi,15
Java,Rust,oob,multi,18
Java,Lua,oob,multi,9
Java,Perl,oob,multi,28
Java,CoffeeScript,oob,multi,13
Java,Matlab,oob,multi,10
Java,Julia,oob,multi,0
Java,Visual Basic,oob,multi,4
Java,F#,oob,multi,0
Java,D,oob,multi,0
Java,Assembly,oob,machine,7
Java,C,oob,imperative,178
Java,Arduino,oob,imperative,6
Java,Fortran,oob,imperative,2
Java,Elixir,oob,functional,9
Java,Groovy,oob,functional,107
Java,Haskell,oob,functional,6
Java,Clojure,oob,functional,24
Java,OCaml,oob,functional,3
Java,Erlang,oob,functional,7
Java,HTML,oob,declarative,598
Java,CSS,oob,declarative,305
Java,XSLT,oob,declarative,47
Java,PLpgSQL,oob,declarative,11
Java,Elm,oob,declarative,1
Java,Nix,oob,declarative,0
Ruby,Roff,oob,undefined,6
Ruby,Vala,oob,undefined,0
Ruby,Chapel,oob,undefined,0
Ruby,Shell,oob,scripted,331
Ruby,PowerShell,oob,scripted,12
Ruby,Vim script,oob,scripted,25
Ruby,Emacs Lisp,oob,scripted,12
Ruby,Batchfile,oob,scripted,1
Ruby,PHP,oob,procedural,143
Ruby,C++,oob,procedural,69
Ruby,JavaScript,oob,oob,948
Ruby,Python,oob,oob,354
Ruby,Java,oob,oob,200
Ruby,Ruby,oob,oob,9098
Ruby,C#,oob,oob,43
Ruby,TypeScript,oob,oob,70
Ruby,Jupyter Notebook,oob,oob,10
Ruby,Objective-C,oob,oob,60
Ruby,Kotlin,oob,oob,5
Ruby,Dart,oob,oob,3
Ruby,Crystal,oob,oob,6
Ruby,Go,oob,multi,167
Ruby,Swift,oob,multi,54
Ruby,Scala,oob,multi,26
Ruby,R,oob,multi,11
Ruby,Rust,oob,multi,24
Ruby,Lua,oob,multi,11
Ruby,Perl,oob,multi,21
Ruby,CoffeeScript,oob,multi,41
Ruby,Matlab,oob,multi,2
Ruby,Julia,oob,multi,0
Ruby,Visual Basic,oob,multi,1
Ruby,F#,oob,multi,3
Ruby,D,oob,multi,1
Ruby,Assembly,oob,machine,1
Ruby,C,oob,imperative,92
Ruby,Arduino,oob,imperative,1
Ruby,Fortran,oob,imperative,1
Ruby,Elixir,oob,functional,46
Ruby,Groovy,oob,functional,24
Ruby,Haskell,oob,functional,6
Ruby,Clojure,oob,functional,24
Ruby,OCaml,oob,functional,5
Ruby,Erlang,oob,functional,7
Ruby,HTML,oob,declarative,587
Ruby,CSS,oob,declarative,322
Ruby,XSLT,oob,declarative,18
Ruby,PLpgSQL,oob,declarative,5
Ruby,Elm,oob,declarative,4
Ruby,Nix,oob,declarative,1
C#,Roff,oob,undefined,1
C#,Vala,oob,undefined,1
C#,Chapel,oob,undefined,0
C#,Shell,oob,scripted,52
C#,PowerShell,oob,scripted,72
C#,Vim script,oob,scripted,1
C#,Emacs Lisp,oob,scripted,2
C#,Batchfile,oob,scripted,10
C#,PHP,oob,procedural,77
C#,C++,oob,procedural,94
C#,JavaScript,oob,oob,353
C#,Python,oob,oob,124
C#,Java,oob,oob,159
C#,Ruby,oob,oob,43
C#,C#,oob,oob,6594
C#,TypeScript,oob,oob,130
C#,Jupyter Notebook,oob,oob,3
C#,Objective-C,oob,oob,18
C#,Kotlin,oob,oob,2
C#,Dart,oob,oob,0
C#,Crystal,oob,oob,0
C#,Go,oob,multi,31
C#,Swift,oob,multi,14
C#,Scala,oob,multi,9
C#,R,oob,multi,6
C#,Rust,oob,multi,12
C#,Lua,oob,multi,8
C#,Perl,oob,multi,4
C#,CoffeeScript,oob,multi,4
C#,Matlab,oob,multi,0
C#,Julia,oob,multi,0
C#,Visual Basic,oob,multi,6
C#,F#,oob,multi,16
C#,D,oob,multi,0
C#,Assembly,oob,machine,2
C#,C,oob,imperative,54
C#,Arduino,oob,imperative,1
C#,Fortran,oob,imperative,2
C#,Elixir,oob,functional,6
C#,Groovy,oob,functional,8
C#,Haskell,oob,functional,1
C#,Clojure,oob,functional,1
C#,OCaml,oob,functional,3
C#,Erlang,oob,functional,2
C#,HTML,oob,declarative,155
C#,CSS,oob,declarative,90
C#,XSLT,oob,declarative,2
C#,PLpgSQL,oob,declarative,1
C#,Elm,oob,declarative,0
C#,Nix,oob,declarative,0
TypeScript,Roff,oob,undefined,0
TypeScript,Vala,oob,undefined,1
TypeScript,Chapel,oob,undefined,0
TypeScript,Shell,oob,scripted,59
TypeScript,PowerShell,oob,scripted,13
TypeScript,Vim script,oob,scripted,8
TypeScript,Emacs Lisp,oob,scripted,1
TypeScript,Batchfile,oob,scripted,2
TypeScript,PHP,oob,procedural,70
TypeScript,C++,oob,procedural,38
TypeScript,JavaScript,oob,oob,877
TypeScript,Python,oob,oob,121
TypeScript,Java,oob,oob,191
TypeScript,Ruby,oob,oob,70
TypeScript,C#,oob,oob,130
TypeScript,TypeScript,oob,oob,4528
TypeScript,Jupyter Notebook,oob,oob,9
TypeScript,Objective-C,oob,oob,22
TypeScript,Kotlin,oob,oob,7
TypeScript,Dart,oob,oob,3
TypeScript,Crystal,oob,oob,3
TypeScript,Go,oob,multi,44
TypeScript,Swift,oob,multi,17
TypeScript,Scala,oob,multi,19
TypeScript,R,oob,multi,2
TypeScript,Rust,oob,multi,13
TypeScript,Lua,oob,multi,1
TypeScript,Perl,oob,multi,2
TypeScript,CoffeeScript,oob,multi,23
TypeScript,Matlab,oob,multi,1
TypeScript,Julia,oob,multi,2
TypeScript,Visual Basic,oob,multi,0
TypeScript,F#,oob,multi,2
TypeScript,D,oob,multi,2
TypeScript,Assembly,oob,machine,0
TypeScript,C,oob,imperative,25
TypeScript,Arduino,oob,imperative,1
TypeScript,Fortran,oob,imperative,0
TypeScript,Elixir,oob,functional,9
TypeScript,Groovy,oob,functional,11
TypeScript,Haskell,oob,functional,6
TypeScript,Clojure,oob,functional,4
TypeScript,OCaml,oob,functional,1
TypeScript,Erlang,oob,functional,1
TypeScript,HTML,oob,declarative,274
TypeScript,CSS,oob,declarative,202
TypeScript,XSLT,oob,declarative,5
TypeScript,PLpgSQL,oob,declarative,3
TypeScript,Elm,oob,declarative,1
TypeScript,Nix,oob,declarative,0
Jupyter Notebook,Roff,oob,undefined,1
Jupyter Notebook,Vala,oob,undefined,0
Jupyter Notebook,Chapel,oob,undefined,1
Jupyter Notebook,Shell,oob,scripted,50
Jupyter Notebook,PowerShell,oob,scripted,0
Jupyter Notebook,Vim script,oob,scripted,2
Jupyter Notebook,Emacs Lisp,oob,scripted,0
Jupyter Notebook,Batchfile,oob,scripted,1
Jupyter Notebook,PHP,oob,procedural,3
Jupyter Notebook,C++,oob,procedural,49
Jupyter Notebook,JavaScript,oob,oob,74
Jupyter Notebook,Python,oob,oob,332
Jupyter Notebook,Java,oob,oob,28
Jupyter Notebook,Ruby,oob,oob,10
Jupyter Notebook,C#,oob,oob,3
Jupyter Notebook,TypeScript,oob,oob,9
Jupyter Notebook,Jupyter Notebook,oob,oob,1523
Jupyter Notebook,Objective-C,oob,oob,1
Jupyter Notebook,Kotlin,oob,oob,0
Jupyter Notebook,Dart,oob,oob,0
Jupyter Notebook,Crystal,oob,oob,0
Jupyter Notebook,Go,oob,multi,7
Jupyter Notebook,Swift,oob,multi,3
Jupyter Notebook,Scala,oob,multi,11
Jupyter Notebook,R,oob,multi,15
Jupyter Notebook,Rust,oob,multi,2
Jupyter Notebook,Lua,oob,multi,3
Jupyter Notebook,Perl,oob,multi,2
Jupyter Notebook,CoffeeScript,oob,multi,2
Jupyter Notebook,Matlab,oob,multi,5
Jupyter Notebook,Julia,oob,multi,13
Jupyter Notebook,Visual Basic,oob,multi,0
Jupyter Notebook,F#,oob,multi,0
Jupyter Notebook,D,oob,multi,0
Jupyter Notebook,Assembly,oob,machine,0
Jupyter Notebook,C,oob,imperative,23
Jupyter Notebook,Arduino,oob,imperative,0
Jupyter Notebook,Fortran,oob,imperative,8
Jupyter Notebook,Elixir,oob,functional,1
Jupyter Notebook,Groovy,oob,functional,3
Jupyter Notebook,Haskell,oob,functional,0
Jupyter Notebook,Clojure,oob,functional,0
Jupyter Notebook,OCaml,oob,functional,4
Jupyter Notebook,Erlang,oob,functional,0
Jupyter Notebook,HTML,oob,declarative,84
Jupyter Notebook,CSS,oob,declarative,23
Jupyter Notebook,XSLT,oob,declarative,2
Jupyter Notebook,PLpgSQL,oob,declarative,4
Jupyter Notebook,Elm,oob,declarative,1
Jupyter Notebook,Nix,oob,declarative,0
Objective-C,Roff,oob,undefined,0
Objective-C,Vala,oob,undefined,0
Objective-C,Chapel,oob,undefined,0
Objective-C,Shell,oob,scripted,18
Objective-C,PowerShell,oob,scripted,1
Objective-C,Vim script,oob,scripted,1
Objective-C,Emacs Lisp,oob,scripted,1
Objective-C,Batchfile,oob,scripted,0
Objective-C,PHP,oob,procedural,14
Objective-C,C++,oob,procedural,27
Objective-C,JavaScript,oob,oob,206
Objective-C,Python,oob,oob,38
Objective-C,Java,oob,oob,146
Objective-C,Ruby,oob,oob,60
Objective-C,C#,oob,oob,18
Objective-C,TypeScript,oob,oob,22
Objective-C,Jupyter Notebook,oob,oob,1
Objective-C,Objective-C,oob,oob,1487
Objective-C,Kotlin,oob,oob,2
Objective-C,Dart,oob,oob,2
Objective-C,Crystal,oob,oob,1
Objective-C,Go,oob,multi,19
Objective-C,Swift,oob,multi,131
Objective-C,Scala,oob,multi,3
Objective-C,R,oob,multi,0
Objective-C,Rust,oob,multi,4
Objective-C,Lua,oob,multi,4
Objective-C,Perl,oob,multi,2
Objective-C,CoffeeScript,oob,multi,6
Objective-C,Matlab,oob,multi,2
Objective-C,Julia,oob,multi,0
Objective-C,Visual Basic,oob,multi,0
Objective-C,F#,oob,multi,0
Objective-C,D,oob,multi,0
Objective-C,Assembly,oob,machine,0
Objective-C,C,oob,imperative,33
Objective-C,Arduino,oob,imperative,1
Objective-C,Fortran,oob,imperative,0
Objective-C,Elixir,oob,functional,4
Objective-C,Groovy,oob,functional,2
Objective-C,Haskell,oob,functional,0
Objective-C,Clojure,oob,functional,2
Objective-C,OCaml,oob,functional,1
Objective-C,Erlang,oob,functional,4
Objective-C,HTML,oob,declarative,48
Objective-C,CSS,oob,declarative,23
Objective-C,XSLT,oob,declarative,2
Objective-C,PLpgSQL,oob,declarative,0
Objective-C,Elm,oob,declarative,0
Objective-C,Nix,oob,declarative,0
Kotlin,Roff,oob,undefined,0
Kotlin,Vala,oob,undefined,0
Kotlin,Chapel,oob,undefined,0
Kotlin,Shell,oob,scripted,12
Kotlin,PowerShell,oob,scripted,0
Kotlin,Vim script,oob,scripted,0
Kotlin,Emacs Lisp,oob,scripted,0
Kotlin,Batchfile,oob,scripted,0
Kotlin,PHP,oob,procedural,4
Kotlin,C++,oob,procedural,8
Kotlin,JavaScript,oob,oob,33
Kotlin,Python,oob,oob,16
Kotlin,Java,oob,oob,125
Kotlin,Ruby,oob,oob,5
Kotlin,C#,oob,oob,2
Kotlin,TypeScript,oob,oob,7
Kotlin,Jupyter Notebook,oob,oob,0
Kotlin,Objective-C,oob,oob,2
Kotlin,Kotlin,oob,oob,635
Kotlin,Dart,oob,oob,1
Kotlin,Crystal,oob,oob,1
Kotlin,Go,oob,multi,7
Kotlin,Swift,oob,multi,11
Kotlin,Scala,oob,multi,3
Kotlin,R,oob,multi,0
Kotlin,Rust,oob,multi,3
Kotlin,Lua,oob,multi,0
Kotlin,Perl,oob,multi,0
Kotlin,CoffeeScript,oob,multi,2
Kotlin,Matlab,oob,multi,0
Kotlin,Julia,oob,multi,0
Kotlin,Visual Basic,oob,multi,0
Kotlin,F#,oob,multi,0
Kotlin,D,oob,multi,0
Kotlin,Assembly,oob,machine,0
Kotlin,C,oob,imperative,7
Kotlin,Arduino,oob,imperative,0
Kotlin,Fortran,oob,imperative,0
Kotlin,Elixir,oob,functional,2
Kotlin,Groovy,oob,functional,3
Kotlin,Haskell,oob,functional,0
Kotlin,Clojure,oob,functional,0
Kotlin,OCaml,oob,functional,0
Kotlin,Erlang,oob,functional,1
Kotlin,HTML,oob,declarative,16
Kotlin,CSS,oob,declarative,9
Kotlin,XSLT,oob,declarative,1
Kotlin,PLpgSQL,oob,declarative,2
Kotlin,Elm,oob,declarative,0
Kotlin,Nix,oob,declarative,0
Dart,Roff,oob,undefined,0
Dart,Vala,oob,undefined,0
Dart,Chapel,oob,undefined,0
Dart,Shell,oob,scripted,2
Dart,PowerShell,oob,scripted,1
Dart,Vim script,oob,scripted,2
Dart,Emacs Lisp,oob,scripted,0
Dart,Batchfile,oob,scripted,1
Dart,PHP,oob,procedural,2
Dart,C++,oob,procedural,15
Dart,JavaScript,oob,oob,12
Dart,Python,oob,oob,7
Dart,Java,oob,oob,8
Dart,Ruby,oob,oob,3
Dart,C#,oob,oob,0
Dart,TypeScript,oob,oob,3
Dart,Jupyter Notebook,oob,oob,0
Dart,Objective-C,oob,oob,2
Dart,Kotlin,oob,oob,1
Dart,Dart,oob,oob,142
Dart,Crystal,oob,oob,1
Dart,Go,oob,multi,3
Dart,Swift,oob,multi,3
Dart,Scala,oob,multi,1
Dart,R,oob,multi,0
Dart,Rust,oob,multi,1
Dart,Lua,oob,multi,0
Dart,Perl,oob,multi,1
Dart,CoffeeScript,oob,multi,2
Dart,Matlab,oob,multi,0
Dart,Julia,oob,multi,0
Dart,Visual Basic,oob,multi,0
Dart,F#,oob,multi,0
Dart,D,oob,multi,1
Dart,Assembly,oob,machine,0
Dart,C,oob,imperative,4
Dart,Arduino,oob,imperative,0
Dart,Fortran,oob,imperative,0
Dart,Elixir,oob,functional,0
Dart,Groovy,oob,functional,0
Dart,Haskell,oob,functional,0
Dart,Clojure,oob,functional,0
Dart,OCaml,oob,functional,0
Dart,Erlang,oob,functional,0
Dart,HTML,oob,declarative,8
Dart,CSS,oob,declarative,9
Dart,XSLT,oob,declarative,0
Dart,PLpgSQL,oob,declarative,0
Dart,Elm,oob,declarative,1
Dart,Nix,oob,declarative,0
Crystal,Roff,oob,undefined,1
Crystal,Vala,oob,undefined,0
Crystal,Chapel,oob,undefined,0
Crystal,Shell,oob,scripted,6
Crystal,PowerShell,oob,scripted,0
Crystal,Vim script,oob,scripted,0
Crystal,Emacs Lisp,oob,scripted,0
Crystal,Batchfile,oob,scripted,0
Crystal,PHP,oob,procedural,2
Crystal,C++,oob,procedural,2
Crystal,JavaScript,oob,oob,8
Crystal,Python,oob,oob,1
Crystal,Java,oob,oob,2
Crystal,Ruby,oob,oob,6
Crystal,C#,oob,oob,0
Crystal,TypeScript,oob,oob,3
Crystal,Jupyter Notebook,oob,oob,0
Crystal,Objective-C,oob,oob,1
Crystal,Kotlin,oob,oob,1
Crystal,Dart,oob,oob,1
Crystal,Crystal,oob,oob,68
Crystal,Go,oob,multi,2
Crystal,Swift,oob,multi,0
Crystal,Scala,oob,multi,1
Crystal,R,oob,multi,0
Crystal,Rust,oob,multi,4
Crystal,Lua,oob,multi,1
Crystal,Perl,oob,multi,0
Crystal,CoffeeScript,oob,multi,3
Crystal,Matlab,oob,multi,0
Crystal,Julia,oob,multi,0
Crystal,Visual Basic,oob,multi,0
Crystal,F#,oob,multi,0
Crystal,D,oob,multi,0
Crystal,Assembly,oob,machine,0
Crystal,C,oob,imperative,1
Crystal,Arduino,oob,imperative,0
Crystal,Fortran,oob,imperative,0
Crystal,Elixir,oob,functional,1
Crystal,Groovy,oob,functional,0
Crystal,Haskell,oob,functional,0
Crystal,Clojure,oob,functional,0
Crystal,OCaml,oob,functional,0
Crystal,Erlang,oob,functional,0
Crystal,HTML,oob,declarative,6
Crystal,CSS,oob,declarative,2
Crystal,XSLT,oob,declarative,1
Crystal,PLpgSQL,oob,declarative,0
Crystal,Elm,oob,declarative,0
Crystal,Nix,oob,declarative,0
Go,Roff,multi,undefined,2
Go,Vala,multi,undefined,2
Go,Chapel,multi,undefined,0
Go,Shell,multi,scripted,367
Go,PowerShell,multi,scripted,7
Go,Vim script,multi,scripted,21
Go,Emacs Lisp,multi,scripted,5
Go,Batchfile,multi,scripted,1
Go,PHP,multi,procedural,72
Go,C++,multi,procedural,88
Go,JavaScript,multi,oob,424
Go,Python,multi,oob,365
Go,Java,multi,oob,161
Go,Ruby,multi,oob,167
Go,C#,multi,oob,31
Go,TypeScript,multi,oob,44
Go,Jupyter Notebook,multi,oob,7
Go,Objective-C,multi,oob,19
Go,Kotlin,multi,oob,7
Go,Dart,multi,oob,3
Go,Crystal,multi,oob,2
Go,Go,multi,multi,5070
Go,Swift,multi,multi,15
Go,Scala,multi,multi,21
Go,R,multi,multi,0
Go,Rust,multi,multi,44
Go,Lua,multi,multi,10
Go,Perl,multi,multi,20
Go,CoffeeScript,multi,multi,12
Go,Matlab,multi,multi,0
Go,Julia,multi,multi,0
Go,Visual Basic,multi,multi,0
Go,F#,multi,multi,0
Go,D,multi,multi,1
Go,Assembly,multi,machine,6
Go,C,multi,imperative,119
Go,Arduino,multi,imperative,0
Go,Fortran,multi,imperative,0
Go,Elixir,multi,functional,12
Go,Groovy,multi,functional,36
Go,Haskell,multi,functional,10
Go,Clojure,multi,functional,6
Go,OCaml,multi,functional,2
Go,Erlang,multi,functional,3
Go,HTML,multi,declarative,217
Go,CSS,multi,declarative,111
Go,XSLT,multi,declarative,5
Go,PLpgSQL,multi,declarative,1
Go,Elm,multi,declarative,3
Go,Nix,multi,declarative,2
Swift,Roff,multi,undefined,0
Swift,Vala,multi,undefined,0
Swift,Chapel,multi,undefined,0
Swift,Shell,multi,scripted,36
Swift,PowerShell,multi,scripted,1
Swift,Vim script,multi,scripted,1
Swift,Emacs Lisp,multi,scripted,1
Swift,Batchfile,multi,scripted,2
Swift,PHP,multi,procedural,18
Swift,C++,multi,procedural,29
Swift,JavaScript,multi,oob,111
Swift,Python,multi,oob,40
Swift,Java,multi,oob,82
Swift,Ruby,multi,oob,54
Swift,C#,multi,oob,14
Swift,TypeScript,multi,oob,17
Swift,Jupyter Notebook,multi,oob,3
Swift,Objective-C,multi,oob,131
Swift,Kotlin,multi,oob,11
Swift,Dart,multi,oob,3
Swift,Crystal,multi,oob,0
Swift,Go,multi,multi,15
Swift,Swift,multi,multi,2231
Swift,Scala,multi,multi,4
Swift,R,multi,multi,1
Swift,Rust,multi,multi,5
Swift,Lua,multi,multi,0
Swift,Perl,multi,multi,0
Swift,CoffeeScript,multi,multi,1
Swift,Matlab,multi,multi,1
Swift,Julia,multi,multi,0
Swift,Visual Basic,multi,multi,0
Swift,F#,multi,multi,0
Swift,D,multi,multi,0
Swift,Assembly,multi,machine,0
Swift,C,multi,imperative,19
Swift,Arduino,multi,imperative,1
Swift,Fortran,multi,imperative,0
Swift,Elixir,multi,functional,5
Swift,Groovy,multi,functional,1
Swift,Haskell,multi,functional,0
Swift,Clojure,multi,functional,1
Swift,OCaml,multi,functional,2
Swift,Erlang,multi,functional,3
Swift,HTML,multi,declarative,37
Swift,CSS,multi,declarative,13
Swift,XSLT,multi,declarative,2
Swift,PLpgSQL,multi,declarative,0
Swift,Elm,multi,declarative,0
Swift,Nix,multi,declarative,0
Scala,Roff,multi,undefined,2
Scala,Vala,multi,undefined,0
Scala,Chapel,multi,undefined,0
Scala,Shell,multi,scripted,57
Scala,PowerShell,multi,scripted,0
Scala,Vim script,multi,scripted,1
Scala,Emacs Lisp,multi,scripted,1
Scala,Batchfile,multi,scripted,1
Scala,PHP,multi,procedural,7
Scala,C++,multi,procedural,16
Scala,JavaScript,multi,oob,112
Scala,Python,multi,oob,65
Scala,Java,multi,oob,111
Scala,Ruby,multi,oob,26
Scala,C#,multi,oob,9
Scala,TypeScript,multi,oob,19
Scala,Jupyter Notebook,multi,oob,11
Scala,Objective-C,multi,oob,3
Scala,Kotlin,multi,oob,3
Scala,Dart,multi,oob,1
Scala,Crystal,multi,oob,1
Scala,Go,multi,multi,21
Scala,Swift,multi,multi,4
Scala,Scala,multi,multi,1633
Scala,R,multi,multi,2
Scala,Rust,multi,multi,14
Scala,Lua,multi,multi,3
Scala,Perl,multi,multi,1
Scala,CoffeeScript,multi,multi,2
Scala,Matlab,multi,multi,0
Scala,Julia,multi,multi,1
Scala,Visual Basic,multi,multi,0
Scala,F#,multi,multi,2
Scala,D,multi,multi,0
Scala,Assembly,multi,machine,0
Scala,C,multi,imperative,15
Scala,Arduino,multi,imperative,0
Scala,Fortran,multi,imperative,1
Scala,Elixir,multi,functional,1
Scala,Groovy,multi,functional,20
Scala,Haskell,multi,functional,3
Scala,Clojure,multi,functional,6
Scala,OCaml,multi,functional,0
Scala,Erlang,multi,functional,1
Scala,HTML,multi,declarative,71
Scala,CSS,multi,declarative,36
Scala,XSLT,multi,declarative,10
Scala,PLpgSQL,multi,declarative,3
Scala,Elm,multi,declarative,0
Scala,Nix,multi,declarative,0
R,Roff,multi,undefined,0
R,Vala,multi,undefined,0
R,Chapel,multi,undefined,0
R,Shell,multi,scripted,18
R,PowerShell,multi,scripted,0
R,Vim script,multi,scripted,0
R,Emacs Lisp,multi,scripted,3
R,Batchfile,multi,scripted,0
R,PHP,multi,procedural,4
R,C++,multi,procedural,28
R,JavaScript,multi,oob,39
R,Python,multi,oob,42
R,Java,multi,oob,15
R,Ruby,multi,oob,11
R,C#,multi,oob,6
R,TypeScript,multi,oob,2
R,Jupyter Notebook,multi,oob,15
R,Objective-C,multi,oob,0
R,Kotlin,multi,oob,0
R,Dart,multi,oob,0
R,Crystal,multi,oob,0
R,Go,multi,multi,0
R,Swift,multi,multi,1
R,Scala,multi,multi,2
R,R,multi,multi,960
R,Rust,multi,multi,0
R,Lua,multi,multi,1
R,Perl,multi,multi,2
R,CoffeeScript,multi,multi,1
R,Matlab,multi,multi,0
R,Julia,multi,multi,2
R,Visual Basic,multi,multi,0
R,F#,multi,multi,0
R,D,multi,multi,0
R,Assembly,multi,machine,0
R,C,multi,imperative,9
R,Arduino,multi,imperative,0
R,Fortran,multi,imperative,0
R,Elixir,multi,functional,0
R,Groovy,multi,functional,4
R,Haskell,multi,functional,1
R,Clojure,multi,functional,0
R,OCaml,multi,functional,0
R,Erlang,multi,functional,0
R,HTML,multi,declarative,88
R,CSS,multi,declarative,21
R,XSLT,multi,declarative,1
R,PLpgSQL,multi,declarative,0
R,Elm,multi,declarative,0
R,Nix,multi,declarative,0
Rust,Roff,multi,undefined,0
Rust,Vala,multi,undefined,1
Rust,Chapel,multi,undefined,0
Rust,Shell,multi,scripted,41
Rust,PowerShell,multi,scripted,1
Rust,Vim script,multi,scripted,2
Rust,Emacs Lisp,multi,scripted,0
Rust,Batchfile,multi,scripted,1
Rust,PHP,multi,procedural,9
Rust,C++,multi,procedural,30
Rust,JavaScript,multi,oob,67
Rust,Python,multi,oob,64
Rust,Java,multi,oob,18
Rust,Ruby,multi,oob,24
Rust,C#,multi,oob,12
Rust,TypeScript,multi,oob,13
Rust,Jupyter Notebook,multi,oob,2
Rust,Objective-C,multi,oob,4
Rust,Kotlin,multi,oob,3
Rust,Dart,multi,oob,1
Rust,Crystal,multi,oob,4
Rust,Go,multi,multi,44
Rust,Swift,multi,multi,5
Rust,Scala,multi,multi,14
Rust,R,multi,multi,0
Rust,Rust,multi,multi,923
Rust,Lua,multi,multi,4
Rust,Perl,multi,multi,2
Rust,CoffeeScript,multi,multi,5
Rust,Matlab,multi,multi,0
Rust,Julia,multi,multi,0
Rust,Visual Basic,multi,multi,0
Rust,F#,multi,multi,0
Rust,D,multi,multi,1
Rust,Assembly,multi,machine,1
Rust,C,multi,imperative,40
Rust,Arduino,multi,imperative,0
Rust,Fortran,multi,imperative,0
Rust,Elixir,multi,functional,6
Rust,Groovy,multi,functional,5
Rust,Haskell,multi,functional,8
Rust,Clojure,multi,functional,4
Rust,OCaml,multi,functional,2
Rust,Erlang,multi,functional,2
Rust,HTML,multi,declarative,50
Rust,CSS,multi,declarative,29
Rust,XSLT,multi,declarative,3
Rust,PLpgSQL,multi,declarative,1
Rust,Elm,multi,declarative,1
Rust,Nix,multi,declarative,3
Lua,Roff,multi,undefined,0
Lua,Vala,multi,undefined,0
Lua,Chapel,multi,undefined,0
Lua,Shell,multi,scripted,21
Lua,PowerShell,multi,scripted,0
Lua,Vim script,multi,scripted,1
Lua,Emacs Lisp,multi,scripted,0
Lua,Batchfile,multi,scripted,0
Lua,PHP,multi,procedural,6
Lua,C++,multi,procedural,35
Lua,JavaScript,multi,oob,41
Lua,Python,multi,oob,32
Lua,Java,multi,oob,9
Lua,Ruby,multi,oob,11
Lua,C#,multi,oob,8
Lua,TypeScript,multi,oob,1
Lua,Jupyter Notebook,multi,oob,3
Lua,Objective-C,multi,oob,4
Lua,Kotlin,multi,oob,0
Lua,Dart,multi,oob,0
Lua,Crystal,multi,oob,1
Lua,Go,multi,multi,10
Lua,Swift,multi,multi,0
Lua,Scala,multi,multi,3
Lua,R,multi,multi,1
Lua,Rust,multi,multi,4
Lua,Lua,multi,multi,728
Lua,Perl,multi,multi,3
Lua,CoffeeScript,multi,multi,0
Lua,Matlab,multi,multi,0
Lua,Julia,multi,multi,0
Lua,Visual Basic,multi,multi,0
Lua,F#,multi,multi,0
Lua,D,multi,multi,0
Lua,Assembly,multi,machine,1
Lua,C,multi,imperative,22
Lua,Arduino,multi,imperative,1
Lua,Fortran,multi,imperative,1
Lua,Elixir,multi,functional,2
Lua,Groovy,multi,functional,1
Lua,Haskell,multi,functional,1
Lua,Clojure,multi,functional,1
Lua,OCaml,multi,functional,2
Lua,Erlang,multi,functional,0
Lua,HTML,multi,declarative,16
Lua,CSS,multi,declarative,11
Lua,XSLT,multi,declarative,0
Lua,PLpgSQL,multi,declarative,0
Lua,Elm,multi,declarative,0
Lua,Nix,multi,declarative,0
Perl,Roff,multi,undefined,0
Perl,Vala,multi,undefined,0
Perl,Chapel,multi,undefined,1
Perl,Shell,multi,scripted,48
Perl,PowerShell,multi,scripted,1
Perl,Vim script,multi,scripted,2
Perl,Emacs Lisp,multi,scripted,1
Perl,Batchfile,multi,scripted,1
Perl,PHP,multi,procedural,23
Perl,C++,multi,procedural,21
Perl,JavaScript,multi,oob,40
Perl,Python,multi,oob,63
Perl,Java,multi,oob,28
Perl,Ruby,multi,oob,21
Perl,C#,multi,oob,4
Perl,TypeScript,multi,oob,2
Perl,Jupyter Notebook,multi,oob,2
Perl,Objective-C,multi,oob,2
Perl,Kotlin,multi,oob,0
Perl,Dart,multi,oob,1
Perl,Crystal,multi,oob,0
Perl,Go,multi,multi,20
Perl,Swift,multi,multi,0
Perl,Scala,multi,multi,1
Perl,R,multi,multi,2
Perl,Rust,multi,multi,2
Perl,Lua,multi,multi,3
Perl,Perl,multi,multi,719
Perl,CoffeeScript,multi,multi,1
Perl,Matlab,multi,multi,0
Perl,Julia,multi,multi,0
Perl,Visual Basic,multi,multi,1
Perl,F#,multi,multi,0
Perl,D,multi,multi,1
Perl,Assembly,multi,machine,1
Perl,C,multi,imperative,35
Perl,Arduino,multi,imperative,0
Perl,Fortran,multi,imperative,1
Perl,Elixir,multi,functional,0
Perl,Groovy,multi,functional,1
Perl,Haskell,multi,functional,3
Perl,Clojure,multi,functional,1
Perl,OCaml,multi,functional,0
Perl,Erlang,multi,functional,0
Perl,HTML,multi,declarative,26
Perl,CSS,multi,declarative,13
Perl,XSLT,multi,declarative,0
Perl,PLpgSQL,multi,declarative,1
Perl,Elm,multi,declarative,1
Perl,Nix,multi,declarative,1
CoffeeScript,Roff,multi,undefined,0
CoffeeScript,Vala,multi,undefined,0
CoffeeScript,Chapel,multi,undefined,0
CoffeeScript,Shell,multi,scripted,25
CoffeeScript,PowerShell,multi,scripted,1
CoffeeScript,Vim script,multi,scripted,3
CoffeeScript,Emacs Lisp,multi,scripted,0
CoffeeScript,Batchfile,multi,scripted,2
CoffeeScript,PHP,multi,procedural,17
CoffeeScript,C++,multi,procedural,9
CoffeeScript,JavaScript,multi,oob,167
CoffeeScript,Python,multi,oob,32
CoffeeScript,Java,multi,oob,13
CoffeeScript,Ruby,multi,oob,41
CoffeeScript,C#,multi,oob,4
CoffeeScript,TypeScript,multi,oob,23
CoffeeScript,Jupyter Notebook,multi,oob,2
CoffeeScript,Objective-C,multi,oob,6
CoffeeScript,Kotlin,multi,oob,2
CoffeeScript,Dart,multi,oob,2
CoffeeScript,Crystal,multi,oob,3
CoffeeScript,Go,multi,multi,12
CoffeeScript,Swift,multi,multi,1
CoffeeScript,Scala,multi,multi,2
CoffeeScript,R,multi,multi,1
CoffeeScript,Rust,multi,multi,5
CoffeeScript,Lua,multi,multi,0
CoffeeScript,Perl,multi,multi,1
CoffeeScript,CoffeeScript,multi,multi,519
CoffeeScript,Matlab,multi,multi,0
CoffeeScript,Julia,multi,multi,1
CoffeeScript,Visual Basic,multi,multi,0
CoffeeScript,F#,multi,multi,0
CoffeeScript,D,multi,multi,1
CoffeeScript,Assembly,multi,machine,0
CoffeeScript,C,multi,imperative,11
CoffeeScript,Arduino,multi,imperative,0
CoffeeScript,Fortran,multi,imperative,0
CoffeeScript,Elixir,multi,functional,8
CoffeeScript,Groovy,multi,functional,1
CoffeeScript,Haskell,multi,functional,3
CoffeeScript,Clojure,multi,functional,2
CoffeeScript,OCaml,multi,functional,0
CoffeeScript,Erlang,multi,functional,0
CoffeeScript,HTML,multi,declarative,37
CoffeeScript,CSS,multi,declarative,36
CoffeeScript,XSLT,multi,declarative,0
CoffeeScript,PLpgSQL,multi,declarative,1
CoffeeScript,Elm,multi,declarative,1
CoffeeScript,Nix,multi,declarative,0
Matlab,Roff,multi,undefined,0
Matlab,Vala,multi,undefined,0
Matlab,Chapel,multi,undefined,0
Matlab,Shell,multi,scripted,4
Matlab,PowerShell,multi,scripted,0
Matlab,Vim script,multi,scripted,0
Matlab,Emacs Lisp,multi,scripted,0
Matlab,Batchfile,multi,scripted,0
Matlab,PHP,multi,procedural,0
Matlab,C++,multi,procedural,8
Matlab,JavaScript,multi,oob,4
Matlab,Python,multi,oob,24
Matlab,Java,multi,oob,10
Matlab,Ruby,multi,oob,2
Matlab,C#,multi,oob,0
Matlab,TypeScript,multi,oob,1
Matlab,Jupyter Notebook,multi,oob,5
Matlab,Objective-C,multi,oob,2
Matlab,Kotlin,multi,oob,0
Matlab,Dart,multi,oob,0
Matlab,Crystal,multi,oob,0
Matlab,Go,multi,multi,0
Matlab,Swift,multi,multi,1
Matlab,Scala,multi,multi,0
Matlab,R,multi,multi,0
Matlab,Rust,multi,multi,0
Matlab,Lua,multi,multi,0
Matlab,Perl,multi,multi,0
Matlab,CoffeeScript,multi,multi,0
Matlab,Matlab,multi,multi,370
Matlab,Julia,multi,multi,1
Matlab,Visual Basic,multi,multi,0
Matlab,F#,multi,multi,0
Matlab,D,multi,multi,0
Matlab,Assembly,multi,machine,0
Matlab,C,multi,imperative,4
Matlab,Arduino,multi,imperative,0
Matlab,Fortran,multi,imperative,1
Matlab,Elixir,multi,functional,0
Matlab,Groovy,multi,functional,0
Matlab,Haskell,multi,functional,0
Matlab,Clojure,multi,functional,0
Matlab,OCaml,multi,functional,0
Matlab,Erlang,multi,functional,0
Matlab,HTML,multi,declarative,9
Matlab,CSS,multi,declarative,4
Matlab,XSLT,multi,declarative,0
Matlab,PLpgSQL,multi,declarative,0
Matlab,Elm,multi,declarative,0
Matlab,Nix,multi,declarative,0
Julia,Roff,multi,undefined,1
Julia,Vala,multi,undefined,0
Julia,Chapel,multi,undefined,0
Julia,Shell,multi,scripted,5
Julia,PowerShell,multi,scripted,0
Julia,Vim script,multi,scripted,0
Julia,Emacs Lisp,multi,scripted,1
Julia,Batchfile,multi,scripted,0
Julia,PHP,multi,procedural,0
Julia,C++,multi,procedural,7
Julia,JavaScript,multi,oob,3
Julia,Python,multi,oob,14
Julia,Java,multi,oob,0
Julia,Ruby,multi,oob,0
Julia,C#,multi,oob,0
Julia,TypeScript,multi,oob,2
Julia,Jupyter Notebook,multi,oob,13
Julia,Objective-C,multi,oob,0
Julia,Kotlin,multi,oob,0
Julia,Dart,multi,oob,0
Julia,Crystal,multi,oob,0
Julia,Go,multi,multi,0
Julia,Swift,multi,multi,0
Julia,Scala,multi,multi,1
Julia,R,multi,multi,2
Julia,Rust,multi,multi,0
Julia,Lua,multi,multi,0
Julia,Perl,multi,multi,0
Julia,CoffeeScript,multi,multi,1
Julia,Matlab,multi,multi,1
Julia,Julia,multi,multi,259
Julia,Visual Basic,multi,multi,0
Julia,F#,multi,multi,0
Julia,D,multi,multi,0
Julia,Assembly,multi,machine,1
Julia,C,multi,imperative,5
Julia,Arduino,multi,imperative,0
Julia,Fortran,multi,imperative,1
Julia,Elixir,multi,functional,0
Julia,Groovy,multi,functional,0
Julia,Haskell,multi,functional,0
Julia,Clojure,multi,functional,0
Julia,OCaml,multi,functional,1
Julia,Erlang,multi,functional,0
Julia,HTML,multi,declarative,8
Julia,CSS,multi,declarative,1
Julia,XSLT,multi,declarative,0
Julia,PLpgSQL,multi,declarative,0
Julia,Elm,multi,declarative,0
Julia,Nix,multi,declarative,0
Visual Basic,Roff,multi,undefined,0
Visual Basic,Vala,multi,undefined,0
Visual Basic,Chapel,multi,undefined,0
Visual Basic,Shell,multi,scripted,3
Visual Basic,PowerShell,multi,scripted,2
Visual Basic,Vim script,multi,scripted,0
Visual Basic,Emacs Lisp,multi,scripted,0
Visual Basic,Batchfile,multi,scripted,0
Visual Basic,PHP,multi,procedural,4
Visual Basic,C++,multi,procedural,4
Visual Basic,JavaScript,multi,oob,5
Visual Basic,Python,multi,oob,2
Visual Basic,Java,multi,oob,4
Visual Basic,Ruby,multi,oob,1
Visual Basic,C#,multi,oob,6
Visual Basic,TypeScript,multi,oob,0
Visual Basic,Jupyter Notebook,multi,oob,0
Visual Basic,Objective-C,multi,oob,0
Visual Basic,Kotlin,multi,oob,0
Visual Basic,Dart,multi,oob,0
Visual Basic,Crystal,multi,oob,0
Visual Basic,Go,multi,multi,0
Visual Basic,Swift,multi,multi,0
Visual Basic,Scala,multi,multi,0
Visual Basic,R,multi,multi,0
Visual Basic,Rust,multi,multi,0
Visual Basic,Lua,multi,multi,0
Visual Basic,Perl,multi,multi,1
Visual Basic,CoffeeScript,multi,multi,0
Visual Basic,Matlab,multi,multi,0
Visual Basic,Julia,multi,multi,0
Visual Basic,Visual Basic,multi,multi,148
Visual Basic,F#,multi,multi,0
Visual Basic,D,multi,multi,0
Visual Basic,Assembly,multi,machine,0
Visual Basic,C,multi,imperative,2
Visual Basic,Arduino,multi,imperative,0
Visual Basic,Fortran,multi,imperative,2
Visual Basic,Elixir,multi,functional,0
Visual Basic,Groovy,multi,functional,0
Visual Basic,Haskell,multi,functional,0
Visual Basic,Clojure,multi,functional,0
Visual Basic,OCaml,multi,functional,0
Visual Basic,Erlang,multi,functional,0
Visual Basic,HTML,multi,declarative,4
Visual Basic,CSS,multi,declarative,3
Visual Basic,XSLT,multi,declarative,0
Visual Basic,PLpgSQL,multi,declarative,0
Visual Basic,Elm,multi,declarative,0
Visual Basic,Nix,multi,declarative,0
F#,Roff,multi,undefined,0
F#,Vala,multi,undefined,0
F#,Chapel,multi,undefined,0
F#,Shell,multi,scripted,2
F#,PowerShell,multi,scripted,2
F#,Vim script,multi,scripted,0
F#,Emacs Lisp,multi,scripted,0
F#,Batchfile,multi,scripted,0
F#,PHP,multi,procedural,0
F#,C++,multi,procedural,1
F#,JavaScript,multi,oob,8
F#,Python,multi,oob,2
F#,Java,multi,oob,0
F#,Ruby,multi,oob,3
F#,C#,multi,oob,16
F#,TypeScript,multi,oob,2
F#,Jupyter Notebook,multi,oob,0
F#,Objective-C,multi,oob,0
F#,Kotlin,multi,oob,0
F#,Dart,multi,oob,0
F#,Crystal,multi,oob,0
F#,Go,multi,multi,0
F#,Swift,multi,multi,0
F#,Scala,multi,multi,2
F#,R,multi,multi,0
F#,Rust,multi,multi,0
F#,Lua,multi,multi,0
F#,Perl,multi,multi,0
F#,CoffeeScript,multi,multi,0
F#,Matlab,multi,multi,0
F#,Julia,multi,multi,0
F#,Visual Basic,multi,multi,0
F#,F#,multi,multi,107
F#,D,multi,multi,0
F#,Assembly,multi,machine,0
F#,C,multi,imperative,1
F#,Arduino,multi,imperative,0
F#,Fortran,multi,imperative,0
F#,Elixir,multi,functional,0
F#,Groovy,multi,functional,0
F#,Haskell,multi,functional,1
F#,Clojure,multi,functional,0
F#,OCaml,multi,functional,0
F#,Erlang,multi,functional,0
F#,HTML,multi,declarative,4
F#,CSS,multi,declarative,1
F#,XSLT,multi,declarative,0
F#,PLpgSQL,multi,declarative,0
F#,Elm,multi,declarative,0
F#,Nix,multi,declarative,0
D,Roff,multi,undefined,0
D,Vala,multi,undefined,0
D,Chapel,multi,undefined,0
D,Shell,multi,scripted,8
D,PowerShell,multi,scripted,1
D,Vim script,multi,scripted,1
D,Emacs Lisp,multi,scripted,1
D,Batchfile,multi,scripted,0
D,PHP,multi,procedural,2
D,C++,multi,procedural,3
D,JavaScript,multi,oob,2
D,Python,multi,oob,3
D,Java,multi,oob,0
D,Ruby,multi,oob,1
D,C#,multi,oob,0
D,TypeScript,multi,oob,2
D,Jupyter Notebook,multi,oob,0
D,Objective-C,multi,oob,0
D,Kotlin,multi,oob,0
D,Dart,multi,oob,1
D,Crystal,multi,oob,0
D,Go,multi,multi,1
D,Swift,multi,multi,0
D,Scala,multi,multi,0
D,R,multi,multi,0
D,Rust,multi,multi,1
D,Lua,multi,multi,0
D,Perl,multi,multi,1
D,CoffeeScript,multi,multi,1
D,Matlab,multi,multi,0
D,Julia,multi,multi,0
D,Visual Basic,multi,multi,0
D,F#,multi,multi,0
D,D,multi,multi,86
D,Assembly,multi,machine,0
D,C,multi,imperative,4
D,Arduino,multi,imperative,0
D,Fortran,multi,imperative,0
D,Elixir,multi,functional,0
D,Groovy,multi,functional,2
D,Haskell,multi,functional,0
D,Clojure,multi,functional,0
D,OCaml,multi,functional,0
D,Erlang,multi,functional,0
D,HTML,multi,declarative,1
D,CSS,multi,declarative,5
D,XSLT,multi,declarative,0
D,PLpgSQL,multi,declarative,0
D,Elm,multi,declarative,1
D,Nix,multi,declarative,0
Assembly,Roff,machine,undefined,0
Assembly,Vala,machine,undefined,0
Assembly,Chapel,machine,undefined,0
Assembly,Shell,machine,scripted,4
Assembly,PowerShell,machine,scripted,0
Assembly,Vim script,machine,scripted,1
Assembly,Emacs Lisp,machine,scripted,0
Assembly,Batchfile,machine,scripted,0
Assembly,PHP,machine,procedural,1
Assembly,C++,machine,procedural,13
Assembly,JavaScript,machine,oob,7
Assembly,Python,machine,oob,9
Assembly,Java,machine,oob,7
Assembly,Ruby,machine,oob,1
Assembly,C#,machine,oob,2
Assembly,TypeScript,machine,oob,0
Assembly,Jupyter Notebook,machine,oob,0
Assembly,Objective-C,machine,oob,0
Assembly,Kotlin,machine,oob,0
Assembly,Dart,machine,oob,0
Assembly,Crystal,machine,oob,0
Assembly,Go,machine,multi,6
Assembly,Swift,machine,multi,0
Assembly,Scala,machine,multi,0
Assembly,R,machine,multi,0
Assembly,Rust,machine,multi,1
Assembly,Lua,machine,multi,1
Assembly,Perl,machine,multi,1
Assembly,CoffeeScript,machine,multi,0
Assembly,Matlab,machine,multi,0
Assembly,Julia,machine,multi,1
Assembly,Visual Basic,machine,multi,0
Assembly,F#,machine,multi,0
Assembly,D,machine,multi,0
Assembly,Assembly,machine,machine,131
Assembly,C,machine,imperative,15
Assembly,Arduino,machine,imperative,0
Assembly,Fortran,machine,imperative,0
Assembly,Elixir,machine,functional,0
Assembly,Groovy,machine,functional,0
Assembly,Haskell,machine,functional,0
Assembly,Clojure,machine,functional,0
Assembly,OCaml,machine,functional,2
Assembly,Erlang,machine,functional,1
Assembly,HTML,machine,declarative,4
Assembly,CSS,machine,declarative,0
Assembly,XSLT,machine,declarative,0
Assembly,PLpgSQL,machine,declarative,1
Assembly,Elm,machine,declarative,0
Assembly,Nix,machine,declarative,0
C,Roff,imperative,undefined,3
C,Vala,imperative,undefined,5
C,Chapel,imperative,undefined,0
C,Shell,imperative,scripted,255
C,PowerShell,imperative,scripted,9
C,Vim script,imperative,scripted,12
C,Emacs Lisp,imperative,scripted,3
C,Batchfile,imperative,scripted,12
C,PHP,imperative,procedural,64
C,C++,imperative,procedural,516
C,JavaScript,imperative,oob,236
C,Python,imperative,oob,446
C,Java,imperative,oob,178
C,Ruby,imperative,oob,92
C,C#,imperative,oob,54
C,TypeScript,imperative,oob,25
C,Jupyter Notebook,imperative,oob,23
C,Objective-C,imperative,oob,33
C,Kotlin,imperative,oob,7
C,Dart,imperative,oob,4
C,Crystal,imperative,oob,1
C,Go,imperative,multi,119
C,Swift,imperative,multi,19
C,Scala,imperative,multi,15
C,R,imperative,multi,9
C,Rust,imperative,multi,40
C,Lua,imperative,multi,22
C,Perl,imperative,multi,35
C,CoffeeScript,imperative,multi,11
C,Matlab,imperative,multi,4
C,Julia,imperative,multi,5
C,Visual Basic,imperative,multi,2
C,F#,imperative,multi,1
C,D,imperative,multi,4
C,Assembly,imperative,machine,15
C,C,imperative,imperative,5582
C,Arduino,imperative,imperative,6
C,Fortran,imperative,imperative,13
C,Elixir,imperative,functional,4
C,Groovy,imperative,functional,8
C,Haskell,imperative,functional,14
C,Clojure,imperative,functional,1
C,OCaml,imperative,functional,8
C,Erlang,imperative,functional,8
C,HTML,imperative,declarative,157
C,CSS,imperative,declarative,68
C,XSLT,imperative,declarative,3
C,PLpgSQL,imperative,declarative,5
C,Elm,imperative,declarative,1
C,Nix,imperative,declarative,3
Arduino,Roff,imperative,undefined,0
Arduino,Vala,imperative,undefined,0
Arduino,Chapel,imperative,undefined,0
Arduino,Shell,imperative,scripted,2
Arduino,PowerShell,imperative,scripted,0
Arduino,Vim script,imperative,scripted,0
Arduino,Emacs Lisp,imperative,scripted,0
Arduino,Batchfile,imperative,scripted,0
Arduino,PHP,imperative,procedural,1
Arduino,C++,imperative,procedural,16
Arduino,JavaScript,imperative,oob,5
Arduino,Python,imperative,oob,12
Arduino,Java,imperative,oob,6
Arduino,Ruby,imperative,oob,1
Arduino,C#,imperative,oob,1
Arduino,TypeScript,imperative,oob,1
Arduino,Jupyter Notebook,imperative,oob,0
Arduino,Objective-C,imperative,oob,1
Arduino,Kotlin,imperative,oob,0
Arduino,Dart,imperative,oob,0
Arduino,Crystal,imperative,oob,0
Arduino,Go,imperative,multi,0
Arduino,Swift,imperative,multi,1
Arduino,Scala,imperative,multi,0
Arduino,R,imperative,multi,0
Arduino,Rust,imperative,multi,0
Arduino,Lua,imperative,multi,1
Arduino,Perl,imperative,multi,0
Arduino,CoffeeScript,imperative,multi,0
Arduino,Matlab,imperative,multi,0
Arduino,Julia,imperative,multi,0
Arduino,Visual Basic,imperative,multi,0
Arduino,F#,imperative,multi,0
Arduino,D,imperative,multi,0
Arduino,Assembly,imperative,machine,0
Arduino,C,imperative,imperative,6
Arduino,Arduino,imperative,imperative,266
Arduino,Fortran,imperative,imperative,0
Arduino,Elixir,imperative,functional,0
Arduino,Groovy,imperative,functional,0
Arduino,Haskell,imperative,functional,0
Arduino,Clojure,imperative,functional,0
Arduino,OCaml,imperative,functional,0
Arduino,Erlang,imperative,functional,0
Arduino,HTML,imperative,declarative,6
Arduino,CSS,imperative,declarative,5
Arduino,XSLT,imperative,declarative,0
Arduino,PLpgSQL,imperative,declarative,0
Arduino,Elm,imperative,declarative,0
Arduino,Nix,imperative,declarative,0
Fortran,Roff,imperative,undefined,2
Fortran,Vala,imperative,undefined,0
Fortran,Chapel,imperative,undefined,0
Fortran,Shell,imperative,scripted,9
Fortran,PowerShell,imperative,scripted,0
Fortran,Vim script,imperative,scripted,0
Fortran,Emacs Lisp,imperative,scripted,0
Fortran,Batchfile,imperative,scripted,0
Fortran,PHP,imperative,procedural,1
Fortran,C++,imperative,procedural,9
Fortran,JavaScript,imperative,oob,3
Fortran,Python,imperative,oob,15
Fortran,Java,imperative,oob,2
Fortran,Ruby,imperative,oob,1
Fortran,C#,imperative,oob,2
Fortran,TypeScript,imperative,oob,0
Fortran,Jupyter Notebook,imperative,oob,8
Fortran,Objective-C,imperative,oob,0
Fortran,Kotlin,imperative,oob,0
Fortran,Dart,imperative,oob,0
Fortran,Crystal,imperative,oob,0
Fortran,Go,imperative,multi,0
Fortran,Swift,imperative,multi,0
Fortran,Scala,imperative,multi,1
Fortran,R,imperative,multi,0
Fortran,Rust,imperative,multi,0
Fortran,Lua,imperative,multi,1
Fortran,Perl,imperative,multi,1
Fortran,CoffeeScript,imperative,multi,0
Fortran,Matlab,imperative,multi,1
Fortran,Julia,imperative,multi,1
Fortran,Visual Basic,imperative,multi,2
Fortran,F#,imperative,multi,0
Fortran,D,imperative,multi,0
Fortran,Assembly,imperative,machine,0
Fortran,C,imperative,imperative,13
Fortran,Arduino,imperative,imperative,0
Fortran,Fortran,imperative,imperative,183
Fortran,Elixir,imperative,functional,0
Fortran,Groovy,imperative,functional,0
Fortran,Haskell,imperative,functional,0
Fortran,Clojure,imperative,functional,0
Fortran,OCaml,imperative,functional,0
Fortran,Erlang,imperative,functional,0
Fortran,HTML,imperative,declarative,5
Fortran,CSS,imperative,declarative,4
Fortran,XSLT,imperative,declarative,0
Fortran,PLpgSQL,imperative,declarative,0
Fortran,Elm,imperative,declarative,0
Fortran,Nix,imperative,declarative,0
Elixir,Roff,functional,undefined,1
Elixir,Vala,functional,undefined,0
Elixir,Chapel,functional,undefined,0
Elixir,Shell,functional,scripted,17
Elixir,PowerShell,functional,scripted,0
Elixir,Vim script,functional,scripted,5
Elixir,Emacs Lisp,functional,scripted,2
Elixir,Batchfile,functional,scripted,0
Elixir,PHP,functional,procedural,8
Elixir,C++,functional,procedural,1
Elixir,JavaScript,functional,oob,74
Elixir,Python,functional,oob,27
Elixir,Java,functional,oob,9
Elixir,Ruby,functional,oob,46
Elixir,C#,functional,oob,6
Elixir,TypeScript,functional,oob,9
Elixir,Jupyter Notebook,functional,oob,1
Elixir,Objective-C,functional,oob,4
Elixir,Kotlin,functional,oob,2
Elixir,Dart,functional,oob,0
Elixir,Crystal,functional,oob,1
Elixir,Go,functional,multi,12
Elixir,Swift,functional,multi,5
Elixir,Scala,functional,multi,1
Elixir,R,functional,multi,0
Elixir,Rust,functional,multi,6
Elixir,Lua,functional,multi,2
Elixir,Perl,functional,multi,0
Elixir,CoffeeScript,functional,multi,8
Elixir,Matlab,functional,multi,0
Elixir,Julia,functional,multi,0
Elixir,Visual Basic,functional,multi,0
Elixir,F#,functional,multi,0
Elixir,D,functional,multi,0
Elixir,Assembly,functional,machine,0
Elixir,C,functional,imperative,4
Elixir,Arduino,functional,imperative,0
Elixir,Fortran,functional,imperative,0
Elixir,Elixir,functional,functional,604
Elixir,Groovy,functional,functional,2
Elixir,Haskell,functional,functional,2
Elixir,Clojure,functional,functional,1
Elixir,OCaml,functional,functional,1
Elixir,Erlang,functional,functional,10
Elixir,HTML,functional,declarative,28
Elixir,CSS,functional,declarative,17
Elixir,XSLT,functional,declarative,0
Elixir,PLpgSQL,functional,declarative,0
Elixir,Elm,functional,declarative,8
Elixir,Nix,functional,declarative,0
Groovy,Roff,functional,undefined,0
Groovy,Vala,functional,undefined,0
Groovy,Chapel,functional,undefined,0
Groovy,Shell,functional,scripted,90
Groovy,PowerShell,functional,scripted,2
Groovy,Vim script,functional,scripted,0
Groovy,Emacs Lisp,functional,scripted,0
Groovy,Batchfile,functional,scripted,1
Groovy,PHP,functional,procedural,3
Groovy,C++,functional,procedural,7
Groovy,JavaScript,functional,oob,63
Groovy,Python,functional,oob,63
Groovy,Java,functional,oob,107
Groovy,Ruby,functional,oob,24
Groovy,C#,functional,oob,8
Groovy,TypeScript,functional,oob,11
Groovy,Jupyter Notebook,functional,oob,3
Groovy,Objective-C,functional,oob,2
Groovy,Kotlin,functional,oob,3
Groovy,Dart,functional,oob,0
Groovy,Crystal,functional,oob,0
Groovy,Go,functional,multi,36
Groovy,Swift,functional,multi,1
Groovy,Scala,functional,multi,20
Groovy,R,functional,multi,4
Groovy,Rust,functional,multi,5
Groovy,Lua,functional,multi,1
Groovy,Perl,functional,multi,1
Groovy,CoffeeScript,functional,multi,1
Groovy,Matlab,functional,multi,0
Groovy,Julia,functional,multi,0
Groovy,Visual Basic,functional,multi,0
Groovy,F#,functional,multi,0
Groovy,D,functional,multi,2
Groovy,Assembly,functional,machine,0
Groovy,C,functional,imperative,8
Groovy,Arduino,functional,imperative,0
Groovy,Fortran,functional,imperative,0
Groovy,Elixir,functional,functional,2
Groovy,Groovy,functional,functional,539
Groovy,Haskell,functional,functional,0
Groovy,Clojure,functional,functional,1
Groovy,OCaml,functional,functional,0
Groovy,Erlang,functional,functional,0
Groovy,HTML,functional,declarative,24
Groovy,CSS,functional,declarative,18
Groovy,XSLT,functional,declarative,3
Groovy,PLpgSQL,functional,declarative,1
Groovy,Elm,functional,declarative,2
Groovy,Nix,functional,declarative,0
Haskell,Roff,functional,undefined,0
Haskell,Vala,functional,undefined,0
Haskell,Chapel,functional,undefined,0
Haskell,Shell,functional,scripted,16
Haskell,PowerShell,functional,scripted,1
Haskell,Vim script,functional,scripted,3
Haskell,Emacs Lisp,functional,scripted,7
Haskell,Batchfile,functional,scripted,0
Haskell,PHP,functional,procedural,3
Haskell,C++,functional,procedural,4
Haskell,JavaScript,functional,oob,23
Haskell,Python,functional,oob,21
Haskell,Java,functional,oob,6
Haskell,Ruby,functional,oob,6
Haskell,C#,functional,oob,1
Haskell,TypeScript,functional,oob,6
Haskell,Jupyter Notebook,functional,oob,0
Haskell,Objective-C,functional,oob,0
Haskell,Kotlin,functional,oob,0
Haskell,Dart,functional,oob,0
Haskell,Crystal,functional,oob,0
Haskell,Go,functional,multi,10
Haskell,Swift,functional,multi,0
Haskell,Scala,functional,multi,3
Haskell,R,functional,multi,1
Haskell,Rust,functional,multi,8
Haskell,Lua,functional,multi,1
Haskell,Perl,functional,multi,3
Haskell,CoffeeScript,functional,multi,3
Haskell,Matlab,functional,multi,0
Haskell,Julia,functional,multi,0
Haskell,Visual Basic,functional,multi,0
Haskell,F#,functional,multi,1
Haskell,D,functional,multi,0
Haskell,Assembly,functional,machine,0
Haskell,C,functional,imperative,14
Haskell,Arduino,functional,imperative,0
Haskell,Fortran,functional,imperative,0
Haskell,Elixir,functional,functional,2
Haskell,Groovy,functional,functional,0
Haskell,Haskell,functional,functional,525
Haskell,Clojure,functional,functional,0
Haskell,OCaml,functional,functional,1
Haskell,Erlang,functional,functional,0
Haskell,HTML,functional,declarative,18
Haskell,CSS,functional,declarative,10
Haskell,XSLT,functional,declarative,0
Haskell,PLpgSQL,functional,declarative,0
Haskell,Elm,functional,declarative,6
Haskell,Nix,functional,declarative,13
Clojure,Roff,functional,undefined,0
Clojure,Vala,functional,undefined,0
Clojure,Chapel,functional,undefined,0
Clojure,Shell,functional,scripted,18
Clojure,PowerShell,functional,scripted,1
Clojure,Vim script,functional,scripted,1
Clojure,Emacs Lisp,functional,scripted,8
Clojure,Batchfile,functional,scripted,0
Clojure,PHP,functional,procedural,2
Clojure,C++,functional,procedural,8
Clojure,JavaScript,functional,oob,33
Clojure,Python,functional,oob,19
Clojure,Java,functional,oob,24
Clojure,Ruby,functional,oob,24
Clojure,C#,functional,oob,1
Clojure,TypeScript,functional,oob,4
Clojure,Jupyter Notebook,functional,oob,0
Clojure,Objective-C,functional,oob,2
Clojure,Kotlin,functional,oob,0
Clojure,Dart,functional,oob,0
Clojure,Crystal,functional,oob,0
Clojure,Go,functional,multi,6
Clojure,Swift,functional,multi,1
Clojure,Scala,functional,multi,6
Clojure,R,functional,multi,0
Clojure,Rust,functional,multi,4
Clojure,Lua,functional,multi,1
Clojure,Perl,functional,multi,1
Clojure,CoffeeScript,functional,multi,2
Clojure,Matlab,functional,multi,0
Clojure,Julia,functional,multi,0
Clojure,Visual Basic,functional,multi,0
Clojure,F#,functional,multi,0
Clojure,D,functional,multi,0
Clojure,Assembly,functional,machine,0
Clojure,C,functional,imperative,1
Clojure,Arduino,functional,imperative,0
Clojure,Fortran,functional,imperative,0
Clojure,Elixir,functional,functional,1
Clojure,Groovy,functional,functional,1
Clojure,Haskell,functional,functional,0
Clojure,Clojure,functional,functional,448
Clojure,OCaml,functional,functional,0
Clojure,Erlang,functional,functional,3
Clojure,HTML,functional,declarative,9
Clojure,CSS,functional,declarative,9
Clojure,XSLT,functional,declarative,0
Clojure,PLpgSQL,functional,declarative,0
Clojure,Elm,functional,declarative,0
Clojure,Nix,functional,declarative,0
OCaml,Roff,functional,undefined,0
OCaml,Vala,functional,undefined,0
OCaml,Chapel,functional,undefined,0
OCaml,Shell,functional,scripted,12
OCaml,PowerShell,functional,scripted,0
OCaml,Vim script,functional,scripted,5
OCaml,Emacs Lisp,functional,scripted,2
OCaml,Batchfile,functional,scripted,0
OCaml,PHP,functional,procedural,0
OCaml,C++,functional,procedural,4
OCaml,JavaScript,functional,oob,24
OCaml,Python,functional,oob,9
OCaml,Java,functional,oob,3
OCaml,Ruby,functional,oob,5
OCaml,C#,functional,oob,3
OCaml,TypeScript,functional,oob,1
OCaml,Jupyter Notebook,functional,oob,4
OCaml,Objective-C,functional,oob,1
OCaml,Kotlin,functional,oob,0
OCaml,Dart,functional,oob,0
OCaml,Crystal,functional,oob,0
OCaml,Go,functional,multi,2
OCaml,Swift,functional,multi,2
OCaml,Scala,functional,multi,0
OCaml,R,functional,multi,0
OCaml,Rust,functional,multi,2
OCaml,Lua,functional,multi,2
OCaml,Perl,functional,multi,0
OCaml,CoffeeScript,functional,multi,0
OCaml,Matlab,functional,multi,0
OCaml,Julia,functional,multi,1
OCaml,Visual Basic,functional,multi,0
OCaml,F#,functional,multi,0
OCaml,D,functional,multi,0
OCaml,Assembly,functional,machine,2
OCaml,C,functional,imperative,8
OCaml,Arduino,functional,imperative,0
OCaml,Fortran,functional,imperative,0
OCaml,Elixir,functional,functional,1
OCaml,Groovy,functional,functional,0
OCaml,Haskell,functional,functional,1
OCaml,Clojure,functional,functional,0
OCaml,OCaml,functional,functional,192
OCaml,Erlang,functional,functional,1
OCaml,HTML,functional,declarative,9
OCaml,CSS,functional,declarative,2
OCaml,XSLT,functional,declarative,1
OCaml,PLpgSQL,functional,declarative,0
OCaml,Elm,functional,declarative,0
OCaml,Nix,functional,declarative,0
Erlang,Roff,functional,undefined,0
Erlang,Vala,functional,undefined,0
Erlang,Chapel,functional,undefined,0
Erlang,Shell,functional,scripted,13
Erlang,PowerShell,functional,scripted,0
Erlang,Vim script,functional,scripted,0
Erlang,Emacs Lisp,functional,scripted,2
Erlang,Batchfile,functional,scripted,0
Erlang,PHP,functional,procedural,4
Erlang,C++,functional,procedural,7
Erlang,JavaScript,functional,oob,14
Erlang,Python,functional,oob,14
Erlang,Java,functional,oob,7
Erlang,Ruby,functional,oob,7
Erlang,C#,functional,oob,2
Erlang,TypeScript,functional,oob,1
Erlang,Jupyter Notebook,functional,oob,0
Erlang,Objective-C,functional,oob,4
Erlang,Kotlin,functional,oob,1
Erlang,Dart,functional,oob,0
Erlang,Crystal,functional,oob,0
Erlang,Go,functional,multi,3
Erlang,Swift,functional,multi,3
Erlang,Scala,functional,multi,1
Erlang,R,functional,multi,0
Erlang,Rust,functional,multi,2
Erlang,Lua,functional,multi,0
Erlang,Perl,functional,multi,0
Erlang,CoffeeScript,functional,multi,0
Erlang,Matlab,functional,multi,0
Erlang,Julia,functional,multi,0
Erlang,Visual Basic,functional,multi,0
Erlang,F#,functional,multi,0
Erlang,D,functional,multi,0
Erlang,Assembly,functional,machine,1
Erlang,C,functional,imperative,8
Erlang,Arduino,functional,imperative,0
Erlang,Fortran,functional,imperative,0
Erlang,Elixir,functional,functional,10
Erlang,Groovy,functional,functional,0
Erlang,Haskell,functional,functional,0
Erlang,Clojure,functional,functional,3
Erlang,OCaml,functional,functional,1
Erlang,Erlang,functional,functional,181
Erlang,HTML,functional,declarative,4
Erlang,CSS,functional,declarative,5
Erlang,XSLT,functional,declarative,0
Erlang,PLpgSQL,functional,declarative,1
Erlang,Elm,functional,declarative,0
Erlang,Nix,functional,declarative,0
HTML,Roff,declarative,undefined,6
HTML,Vala,declarative,undefined,2
HTML,Chapel,declarative,undefined,0
HTML,Shell,declarative,scripted,388
HTML,PowerShell,declarative,scripted,7
HTML,Vim script,declarative,scripted,9
HTML,Emacs Lisp,declarative,scripted,6
HTML,Batchfile,declarative,scripted,10
HTML,PHP,declarative,procedural,501
HTML,C++,declarative,procedural,206
HTML,JavaScript,declarative,oob,2766
HTML,Python,declarative,oob,980
HTML,Java,declarative,oob,598
HTML,Ruby,declarative,oob,587
HTML,C#,declarative,oob,155
HTML,TypeScript,declarative,oob,274
HTML,Jupyter Notebook,declarative,oob,84
HTML,Objective-C,declarative,oob,48
HTML,Kotlin,declarative,oob,16
HTML,Dart,declarative,oob,8
HTML,Crystal,declarative,oob,6
HTML,Go,declarative,multi,217
HTML,Swift,declarative,multi,37
HTML,Scala,declarative,multi,71
HTML,R,declarative,multi,88
HTML,Rust,declarative,multi,50
HTML,Lua,declarative,multi,16
HTML,Perl,declarative,multi,26
HTML,CoffeeScript,declarative,multi,37
HTML,Matlab,declarative,multi,9
HTML,Julia,declarative,multi,8
HTML,Visual Basic,declarative,multi,4
HTML,F#,declarative,multi,4
HTML,D,declarative,multi,1
HTML,Assembly,declarative,machine,4
HTML,C,declarative,imperative,157
HTML,Arduino,declarative,imperative,6
HTML,Fortran,declarative,imperative,5
HTML,Elixir,declarative,functional,28
HTML,Groovy,declarative,functional,24
HTML,Haskell,declarative,functional,18
HTML,Clojure,declarative,functional,9
HTML,OCaml,declarative,functional,9
HTML,Erlang,declarative,functional,4
HTML,HTML,declarative,declarative,16300
HTML,CSS,declarative,declarative,1262
HTML,XSLT,declarative,declarative,30
HTML,PLpgSQL,declarative,declarative,9
HTML,Elm,declarative,declarative,3
HTML,Nix,declarative,declarative,0
CSS,Roff,declarative,undefined,1
CSS,Vala,declarative,undefined,3
CSS,Chapel,declarative,undefined,0
CSS,Shell,declarative,scripted,232
CSS,PowerShell,declarative,scripted,7
CSS,Vim script,declarative,scripted,5
CSS,Emacs Lisp,declarative,scripted,5
CSS,Batchfile,declarative,scripted,2
CSS,PHP,declarative,procedural,377
CSS,C++,declarative,procedural,101
CSS,JavaScript,declarative,oob,1582
CSS,Python,declarative,oob,402
CSS,Java,declarative,oob,305
CSS,Ruby,declarative,oob,322
CSS,C#,declarative,oob,90
CSS,TypeScript,declarative,oob,202
CSS,Jupyter Notebook,declarative,oob,23
CSS,Objective-C,declarative,oob,23
CSS,Kotlin,declarative,oob,9
CSS,Dart,declarative,oob,9
CSS,Crystal,declarative,oob,2
CSS,Go,declarative,multi,111
CSS,Swift,declarative,multi,13
CSS,Scala,declarative,multi,36
CSS,R,declarative,multi,21
CSS,Rust,declarative,multi,29
CSS,Lua,declarative,multi,11
CSS,Perl,declarative,multi,13
CSS,CoffeeScript,declarative,multi,36
CSS,Matlab,declarative,multi,4
CSS,Julia,declarative,multi,1
CSS,Visual Basic,declarative,multi,3
CSS,F#,declarative,multi,1
CSS,D,declarative,multi,5
CSS,Assembly,declarative,machine,0
CSS,C,declarative,imperative,68
CSS,Arduino,declarative,imperative,5
CSS,Fortran,declarative,imperative,4
CSS,Elixir,declarative,functional,17
CSS,Groovy,declarative,functional,18
CSS,Haskell,declarative,functional,10
CSS,Clojure,declarative,functional,9
CSS,OCaml,declarative,functional,2
CSS,Erlang,declarative,functional,5
CSS,HTML,declarative,declarative,1262
CSS,CSS,declarative,declarative,7932
CSS,XSLT,declarative,declarative,10
CSS,PLpgSQL,declarative,declarative,7
CSS,Elm,declarative,declarative,7
CSS,Nix,declarative,declarative,1
XSLT,Roff,declarative,undefined,0
XSLT,Vala,declarative,undefined,0
XSLT,Chapel,declarative,undefined,0
XSLT,Shell,declarative,scripted,24
XSLT,PowerShell,declarative,scripted,0
XSLT,Vim script,declarative,scripted,2
XSLT,Emacs Lisp,declarative,scripted,0
XSLT,Batchfile,declarative,scripted,2
XSLT,PHP,declarative,procedural,18
XSLT,C++,declarative,procedural,15
XSLT,JavaScript,declarative,oob,24
XSLT,Python,declarative,oob,27
XSLT,Java,declarative,oob,47
XSLT,Ruby,declarative,oob,18
XSLT,C#,declarative,oob,2
XSLT,TypeScript,declarative,oob,5
XSLT,Jupyter Notebook,declarative,oob,2
XSLT,Objective-C,declarative,oob,2
XSLT,Kotlin,declarative,oob,1
XSLT,Dart,declarative,oob,0
XSLT,Crystal,declarative,oob,1
XSLT,Go,declarative,multi,5
XSLT,Swift,declarative,multi,2
XSLT,Scala,declarative,multi,10
XSLT,R,declarative,multi,1
XSLT,Rust,declarative,multi,3
XSLT,Lua,declarative,multi,0
XSLT,Perl,declarative,multi,0
XSLT,CoffeeScript,declarative,multi,0
XSLT,Matlab,declarative,multi,0
XSLT,Julia,declarative,multi,0
XSLT,Visual Basic,declarative,multi,0
XSLT,F#,declarative,multi,0
XSLT,D,declarative,multi,0
XSLT,Assembly,declarative,machine,0
XSLT,C,declarative,imperative,3
XSLT,Arduino,declarative,imperative,0
XSLT,Fortran,declarative,imperative,0
XSLT,Elixir,declarative,functional,0
XSLT,Groovy,declarative,functional,3
XSLT,Haskell,declarative,functional,0
XSLT,Clojure,declarative,functional,0
XSLT,OCaml,declarative,functional,1
XSLT,Erlang,declarative,functional,0
XSLT,HTML,declarative,declarative,30
XSLT,CSS,declarative,declarative,10
XSLT,XSLT,declarative,declarative,245
XSLT,PLpgSQL,declarative,declarative,0
XSLT,Elm,declarative,declarative,1
XSLT,Nix,declarative,declarative,0
PLpgSQL,Roff,declarative,undefined,0
PLpgSQL,Vala,declarative,undefined,0
PLpgSQL,Chapel,declarative,undefined,0
PLpgSQL,Shell,declarative,scripted,6
PLpgSQL,PowerShell,declarative,scripted,1
PLpgSQL,Vim script,declarative,scripted,0
PLpgSQL,Emacs Lisp,declarative,scripted,0
PLpgSQL,Batchfile,declarative,scripted,1
PLpgSQL,PHP,declarative,procedural,3
PLpgSQL,C++,declarative,procedural,8
PLpgSQL,JavaScript,declarative,oob,33
PLpgSQL,Python,declarative,oob,23
PLpgSQL,Java,declarative,oob,11
PLpgSQL,Ruby,declarative,oob,5
PLpgSQL,C#,declarative,oob,1
PLpgSQL,TypeScript,declarative,oob,3
PLpgSQL,Jupyter Notebook,declarative,oob,4
PLpgSQL,Objective-C,declarative,oob,0
PLpgSQL,Kotlin,declarative,oob,2
PLpgSQL,Dart,declarative,oob,0
PLpgSQL,Crystal,declarative,oob,0
PLpgSQL,Go,declarative,multi,1
PLpgSQL,Swift,declarative,multi,0
PLpgSQL,Scala,declarative,multi,3
PLpgSQL,R,declarative,multi,0
PLpgSQL,Rust,declarative,multi,1
PLpgSQL,Lua,declarative,multi,0
PLpgSQL,Perl,declarative,multi,1
PLpgSQL,CoffeeScript,declarative,multi,1
PLpgSQL,Matlab,declarative,multi,0
PLpgSQL,Julia,declarative,multi,0
PLpgSQL,Visual Basic,declarative,multi,0
PLpgSQL,F#,declarative,multi,0
PLpgSQL,D,declarative,multi,0
PLpgSQL,Assembly,declarative,machine,1
PLpgSQL,C,declarative,imperative,5
PLpgSQL,Arduino,declarative,imperative,0
PLpgSQL,Fortran,declarative,imperative,0
PLpgSQL,Elixir,declarative,functional,0
PLpgSQL,Groovy,declarative,functional,1
PLpgSQL,Haskell,declarative,functional,0
PLpgSQL,Clojure,declarative,functional,0
PLpgSQL,OCaml,declarative,functional,0
PLpgSQL,Erlang,declarative,functional,1
PLpgSQL,HTML,declarative,declarative,9
PLpgSQL,CSS,declarative,declarative,7
PLpgSQL,XSLT,declarative,declarative,0
PLpgSQL,PLpgSQL,declarative,declarative,137
PLpgSQL,Elm,declarative,declarative,0
PLpgSQL,Nix,declarative,declarative,0
Elm,Roff,declarative,undefined,0
Elm,Vala,declarative,undefined,0
Elm,Chapel,declarative,undefined,0
Elm,Shell,declarative,scripted,5
Elm,PowerShell,declarative,scripted,1
Elm,Vim script,declarative,scripted,1
Elm,Emacs Lisp,declarative,scripted,0
Elm,Batchfile,declarative,scripted,0
Elm,PHP,declarative,procedural,4
Elm,C++,declarative,procedural,1
Elm,JavaScript,declarative,oob,17
Elm,Python,declarative,oob,7
Elm,Java,declarative,oob,1
Elm,Ruby,declarative,oob,4
Elm,C#,declarative,oob,0
Elm,TypeScript,declarative,oob,1
Elm,Jupyter Notebook,declarative,oob,1
Elm,Objective-C,declarative,oob,0
Elm,Kotlin,declarative,oob,0
Elm,Dart,declarative,oob,1
Elm,Crystal,declarative,oob,0
Elm,Go,declarative,multi,3
Elm,Swift,declarative,multi,0
Elm,Scala,declarative,multi,0
Elm,R,declarative,multi,0
Elm,Rust,declarative,multi,1
Elm,Lua,declarative,multi,0
Elm,Perl,declarative,multi,1
Elm,CoffeeScript,declarative,multi,1
Elm,Matlab,declarative,multi,0
Elm,Julia,declarative,multi,0
Elm,Visual Basic,declarative,multi,0
Elm,F#,declarative,multi,0
Elm,D,declarative,multi,1
Elm,Assembly,declarative,machine,0
Elm,C,declarative,imperative,1
Elm,Arduino,declarative,imperative,0
Elm,Fortran,declarative,imperative,0
Elm,Elixir,declarative,functional,8
Elm,Groovy,declarative,functional,2
Elm,Haskell,declarative,functional,6
Elm,Clojure,declarative,functional,0
Elm,OCaml,declarative,functional,0
Elm,Erlang,declarative,functional,0
Elm,HTML,declarative,declarative,3
Elm,CSS,declarative,declarative,7
Elm,XSLT,declarative,declarative,1
Elm,PLpgSQL,declarative,declarative,0
Elm,Elm,declarative,declarative,117
Elm,Nix,declarative,declarative,0
Nix,Roff,declarative,undefined,0
Nix,Vala,declarative,undefined,0
Nix,Chapel,declarative,undefined,0
Nix,Shell,declarative,scripted,0
Nix,PowerShell,declarative,scripted,0
Nix,Vim script,declarative,scripted,1
Nix,Emacs Lisp,declarative,scripted,1
Nix,Batchfile,declarative,scripted,0
Nix,PHP,declarative,procedural,0
Nix,C++,declarative,procedural,6
Nix,JavaScript,declarative,oob,5
Nix,Python,declarative,oob,13
Nix,Java,declarative,oob,0
Nix,Ruby,declarative,oob,1
Nix,C#,declarative,oob,0
Nix,TypeScript,declarative,oob,0
Nix,Jupyter Notebook,declarative,oob,0
Nix,Objective-C,declarative,oob,0
Nix,Kotlin,declarative,oob,0
Nix,Dart,declarative,oob,0
Nix,Crystal,declarative,oob,0
Nix,Go,declarative,multi,2
Nix,Swift,declarative,multi,0
Nix,Scala,declarative,multi,0
Nix,R,declarative,multi,0
Nix,Rust,declarative,multi,3
Nix,Lua,declarative,multi,0
Nix,Perl,declarative,multi,1
Nix,CoffeeScript,declarative,multi,0
Nix,Matlab,declarative,multi,0
Nix,Julia,declarative,multi,0
Nix,Visual Basic,declarative,multi,0
Nix,F#,declarative,multi,0
Nix,D,declarative,multi,0
Nix,Assembly,declarative,machine,0
Nix,C,declarative,imperative,3
Nix,Arduino,declarative,imperative,0
Nix,Fortran,declarative,imperative,0
Nix,Elixir,declarative,functional,0
Nix,Groovy,declarative,functional,0
Nix,Haskell,declarative,functional,13
Nix,Clojure,declarative,functional,0
Nix,OCaml,declarative,functional,0
Nix,Erlang,declarative,functional,0
Nix,HTML,declarative,declarative,0
Nix,CSS,declarative,declarative,1
Nix,XSLT,declarative,declarative,0
Nix,PLpgSQL,declarative,declarative,0
Nix,Elm,declarative,declarative,0
Nix,Nix,declarative,declarative,117
